Task ID,Job ID,Arrival min,Arrival max,Cost min,Cost max,Deadline,Priority
0,0,0,5,8,12,100,0
0,1,100,105,8,12,200,1
0,10,1000,1005,8,12,1100,18
0,100,10000,10005,8,12,10100,189
0,101,10100,10105,8,12,10200,190
0,102,10200,10205,8,12,10300,192
0,103,10300,10305,8,12,10400,193
0,104,10400,10405,8,12,10500,195
0,105,10500,10505,8,12,10600,197
0,106,10600,10605,8,12,10700,199
0,107,10700,10705,8,12,10800,200
0,108,10800,10805,8,12,10900,202
0,109,10900,10905,8,12,11000,203
0,11,1100,1105,8,12,1200,19
0,110,11000,11005,8,12,11100,207
0,111,11100,11105,8,12,11200,208
0,112,11200,11205,8,12,11300,210
0,113,11300,11305,8,12,11400,211
0,114,11400,11405,8,12,11500,213
0,115,11500,11505,8,12,11600,215
0,116,11600,11605,8,12,11700,217
0,117,11700,11705,8,12,11800,218
0,118,11800,11805,8,12,11900,220
0,119,11900,11905,8,12,12000,221
0,12,1200,1205,8,12,1300,21
0,120,12000,12005,8,12,12100,226
0,121,12100,12105,8,12,12200,227
0,122,12200,12205,8,12,12300,229
0,123,12300,12305,8,12,12400,230
0,124,12400,12405,8,12,12500,232
0,125,12500,12505,8,12,12600,234
0,126,12600,12605,8,12,12700,236
0,127,12700,12705,8,12,12800,237
0,128,12800,12805,8,12,12900,239
0,129,12900,12905,8,12,13000,240
0,13,1300,1305,8,12,1400,22
0,130,13000,13005,8,12,13100,244
0,131,13100,13105,8,12,13200,245
0,132,13200,13205,8,12,13300,247
0,133,13300,13305,8,12,13400,248
0,134,13400,13405,8,12,13500,250
0,135,13500,13505,8,12,13600,252
0,136,13600,13605,8,12,13700,254
0,137,13700,13705,8,12,13800,255
0,138,13800,13805,8,12,13900,257
0,139,13900,13905,8,12,14000,258
0,14,1400,1405,8,12,1500,24
0,140,14000,14005,8,12,14100,263
0,141,14100,14105,8,12,14200,264
0,142,14200,14205,8,12,14300,266
0,143,14300,14305,8,12,14400,267
0,144,14400,14405,8,12,14500,269
0,145,14500,14505,8,12,14600,271
0,146,14600,14605,8,12,14700,273
0,147,14700,14705,8,12,14800,274
0,148,14800,14805,8,12,14900,276
0,149,14900,14905,8,12,15000,277
0,15,1500,1505,8,12,1600,26
0,150,15000,15005,8,12,15100,282
0,151,15100,15105,8,12,15200,283
0,152,15200,15205,8,12,15300,285
0,153,15300,15305,8,12,15400,286
0,154,15400,15405,8,12,15500,288
0,155,15500,15505,8,12,15600,290
0,156,15600,15605,8,12,15700,292
0,157,15700,15705,8,12,15800,293
0,158,15800,15805,8,12,15900,295
0,159,15900,15905,8,12,16000,296
0,16,1600,1605,8,12,1700,28
0,160,16000,16005,8,12,16100,301
0,161,16100,16105,8,12,16200,302
0,162,16200,16205,8,12,16300,304
0,163,16300,16305,8,12,16400,305
0,164,16400,16405,8,12,16500,307
0,165,16500,16505,8,12,16600,309
0,166,16600,16605,8,12,16700,311
0,167,16700,16705,8,12,16800,312
0,168,16800,16805,8,12,16900,314
0,169,16900,16905,8,12,17000,315
0,17,1700,1705,8,12,1800,29
0,170,17000,17005,8,12,17100,319
0,171,17100,17105,8,12,17200,320
0,172,17200,17205,8,12,17300,322
0,173,17300,17305,8,12,17400,323
0,174,17400,17405,8,12,17500,325
0,175,17500,17505,8,12,17600,327
0,176,17600,17605,8,12,17700,329
0,177,17700,17705,8,12,17800,330
0,178,17800,17805,8,12,17900,332
0,179,17900,17905,8,12,18000,333
0,18,1800,1805,8,12,1900,31
0,180,18000,18005,8,12,18100,338
0,181,18100,18105,8,12,18200,339
0,182,18200,18205,8,12,18300,341
0,183,18300,18305,8,12,18400,342
0,184,18400,18405,8,12,18500,344
0,185,18500,18505,8,12,18600,346
0,186,18600,18605,8,12,18700,348
0,187,18700,18705,8,12,18800,349
0,188,18800,18805,8,12,18900,351
0,189,18900,18905,8,12,19000,352
0,19,1900,1905,8,12,2000,32
0,190,19000,19005,8,12,19100,356
0,191,19100,19105,8,12,19200,357
0,192,19200,19205,8,12,19300,359
0,193,19300,19305,8,12,19400,360
0,194,19400,19405,8,12,19500,362
0,195,19500,19505,8,12,19600,364
0,196,19600,19605,8,12,19700,366
0,197,19700,19705,8,12,19800,367
0,198,19800,19805,8,12,19900,369
0,199,19900,19905,8,12,20000,370
0,2,200,205,8,12,300,3
0,20,2000,2005,8,12,2100,37
0,200,20000,20005,8,12,20100,379
0,201,20100,20105,8,12,20200,380
0,202,20200,20205,8,12,20300,382
0,203,20300,20305,8,12,20400,383
0,204,20400,20405,8,12,20500,385
0,205,20500,20505,8,12,20600,387
0,206,20600,20605,8,12,20700,389
0,207,20700,20705,8,12,20800,390
0,208,20800,20805,8,12,20900,392
0,209,20900,20905,8,12,21000,393
0,21,2100,2105,8,12,2200,38
0,210,21000,21005,8,12,21100,397
0,211,21100,21105,8,12,21200,398
0,212,21200,21205,8,12,21300,400
0,213,21300,21305,8,12,21400,401
0,214,21400,21405,8,12,21500,403
0,215,21500,21505,8,12,21600,405
0,216,21600,21605,8,12,21700,407
0,217,21700,21705,8,12,21800,408
0,218,21800,21805,8,12,21900,410
0,219,21900,21905,8,12,22000,411
0,22,2200,2205,8,12,2300,40
0,220,22000,22005,8,12,22100,416
0,221,22100,22105,8,12,22200,417
0,222,22200,22205,8,12,22300,419
0,223,22300,22305,8,12,22400,420
0,224,22400,22405,8,12,22500,422
0,225,22500,22505,8,12,22600,424
0,226,22600,22605,8,12,22700,426
0,227,22700,22705,8,12,22800,427
0,228,22800,22805,8,12,22900,429
0,229,22900,22905,8,12,23000,430
0,23,2300,2305,8,12,2400,41
0,230,23000,23005,8,12,23100,434
0,231,23100,23105,8,12,23200,435
0,232,23200,23205,8,12,23300,437
0,233,23300,23305,8,12,23400,438
0,234,23400,23405,8,12,23500,440
0,235,23500,23505,8,12,23600,442
0,236,23600,23605,8,12,23700,444
0,237,23700,23705,8,12,23800,445
0,238,23800,23805,8,12,23900,447
0,239,23900,23905,8,12,24000,448
0,24,2400,2405,8,12,2500,43
0,240,24000,24005,8,12,24100,453
0,241,24100,24105,8,12,24200,454
0,242,24200,24205,8,12,24300,456
0,243,24300,24305,8,12,24400,457
0,244,24400,24405,8,12,24500,459
0,245,24500,24505,8,12,24600,461
0,246,24600,24605,8,12,24700,463
0,247,24700,24705,8,12,24800,464
0,248,24800,24805,8,12,24900,466
0,249,24900,24905,8,12,25000,467
0,25,2500,2505,8,12,2600,45
0,250,25000,25005,8,12,25100,472
0,251,25100,25105,8,12,25200,473
0,252,25200,25205,8,12,25300,475
0,253,25300,25305,8,12,25400,476
0,254,25400,25405,8,12,25500,478
0,255,25500,25505,8,12,25600,480
0,256,25600,25605,8,12,25700,482
0,257,25700,25705,8,12,25800,483
0,258,25800,25805,8,12,25900,485
0,259,25900,25905,8,12,26000,486
0,26,2600,2605,8,12,2700,47
0,260,26000,26005,8,12,26100,491
0,261,26100,26105,8,12,26200,492
0,262,26200,26205,8,12,26300,494
0,263,26300,26305,8,12,26400,495
0,264,26400,26405,8,12,26500,497
0,265,26500,26505,8,12,26600,499
0,266,26600,26605,8,12,26700,501
0,267,26700,26705,8,12,26800,502
0,268,26800,26805,8,12,26900,504
0,269,26900,26905,8,12,27000,505
0,27,2700,2705,8,12,2800,48
0,270,27000,27005,8,12,27100,509
0,271,27100,27105,8,12,27200,510
0,272,27200,27205,8,12,27300,512
0,273,27300,27305,8,12,27400,513
0,274,27400,27405,8,12,27500,515
0,275,27500,27505,8,12,27600,517
0,276,27600,27605,8,12,27700,519
0,277,27700,27705,8,12,27800,520
0,278,27800,27805,8,12,27900,522
0,279,27900,27905,8,12,28000,523
0,28,2800,2805,8,12,2900,50
0,280,28000,28005,8,12,28100,528
0,281,28100,28105,8,12,28200,529
0,282,28200,28205,8,12,28300,531
0,283,28300,28305,8,12,28400,532
0,284,28400,28405,8,12,28500,534
0,285,28500,28505,8,12,28600,536
0,286,28600,28605,8,12,28700,538
0,287,28700,28705,8,12,28800,539
0,288,28800,28805,8,12,28900,541
0,289,28900,28905,8,12,29000,542
0,29,2900,2905,8,12,3000,51
0,290,29000,29005,8,12,29100,546
0,291,29100,29105,8,12,29200,547
0,292,29200,29205,8,12,29300,549
0,293,29300,29305,8,12,29400,550
0,294,29400,29405,8,12,29500,552
0,295,29500,29505,8,12,29600,554
0,296,29600,29605,8,12,29700,556
0,297,29700,29705,8,12,29800,557
0,298,29800,29805,8,12,29900,559
0,299,29900,29905,8,12,30000,560
0,3,300,305,8,12,400,4
0,30,3000,3005,8,12,3100,55
0,300,30000,30005,8,12,30100,568
0,301,30100,30105,8,12,30200,569
0,302,30200,30205,8,12,30300,571
0,303,30300,30305,8,12,30400,572
0,304,30400,30405,8,12,30500,574
0,305,30500,30505,8,12,30600,576
0,306,30600,30605,8,12,30700,578
0,307,30700,30705,8,12,30800,579
0,308,30800,30805,8,12,30900,581
0,309,30900,30905,8,12,31000,582
0,31,3100,3105,8,12,3200,56
0,310,31000,31005,8,12,31100,586
0,311,31100,31105,8,12,31200,587
0,312,31200,31205,8,12,31300,589
0,313,31300,31305,8,12,31400,590
0,314,31400,31405,8,12,31500,592
0,315,31500,31505,8,12,31600,594
0,316,31600,31605,8,12,31700,596
0,317,31700,31705,8,12,31800,597
0,318,31800,31805,8,12,31900,599
0,319,31900,31905,8,12,32000,600
0,32,3200,3205,8,12,3300,58
0,320,32000,32005,8,12,32100,605
0,321,32100,32105,8,12,32200,606
0,322,32200,32205,8,12,32300,608
0,323,32300,32305,8,12,32400,609
0,324,32400,32405,8,12,32500,611
0,325,32500,32505,8,12,32600,613
0,326,32600,32605,8,12,32700,615
0,327,32700,32705,8,12,32800,616
0,328,32800,32805,8,12,32900,618
0,329,32900,32905,8,12,33000,619
0,33,3300,3305,8,12,3400,59
0,330,33000,33005,8,12,33100,623
0,331,33100,33105,8,12,33200,624
0,332,33200,33205,8,12,33300,626
0,333,33300,33305,8,12,33400,627
0,334,33400,33405,8,12,33500,629
0,335,33500,33505,8,12,33600,631
0,336,33600,33605,8,12,33700,633
0,337,33700,33705,8,12,33800,634
0,338,33800,33805,8,12,33900,636
0,339,33900,33905,8,12,34000,637
0,34,3400,3405,8,12,3500,61
0,340,34000,34005,8,12,34100,642
0,341,34100,34105,8,12,34200,643
0,342,34200,34205,8,12,34300,645
0,343,34300,34305,8,12,34400,646
0,344,34400,34405,8,12,34500,648
0,345,34500,34505,8,12,34600,650
0,346,34600,34605,8,12,34700,652
0,347,34700,34705,8,12,34800,653
0,348,34800,34805,8,12,34900,655
0,349,34900,34905,8,12,35000,656
0,35,3500,3505,8,12,3600,63
0,350,35000,35005,8,12,35100,661
0,351,35100,35105,8,12,35200,662
0,352,35200,35205,8,12,35300,664
0,353,35300,35305,8,12,35400,665
0,354,35400,35405,8,12,35500,667
0,355,35500,35505,8,12,35600,669
0,356,35600,35605,8,12,35700,671
0,357,35700,35705,8,12,35800,672
0,358,35800,35805,8,12,35900,674
0,359,35900,35905,8,12,36000,675
0,36,3600,3605,8,12,3700,65
0,360,36000,36005,8,12,36100,680
0,361,36100,36105,8,12,36200,681
0,362,36200,36205,8,12,36300,683
0,363,36300,36305,8,12,36400,684
0,364,36400,36405,8,12,36500,686
0,365,36500,36505,8,12,36600,688
0,366,36600,36605,8,12,36700,690
0,367,36700,36705,8,12,36800,691
0,368,36800,36805,8,12,36900,693
0,369,36900,36905,8,12,37000,694
0,37,3700,3705,8,12,3800,66
0,370,37000,37005,8,12,37100,698
0,371,37100,37105,8,12,37200,699
0,372,37200,37205,8,12,37300,701
0,373,37300,37305,8,12,37400,702
0,374,37400,37405,8,12,37500,704
0,375,37500,37505,8,12,37600,706
0,376,37600,37605,8,12,37700,708
0,377,37700,37705,8,12,37800,709
0,378,37800,37805,8,12,37900,711
0,379,37900,37905,8,12,38000,712
0,38,3800,3805,8,12,3900,68
0,380,38000,38005,8,12,38100,717
0,381,38100,38105,8,12,38200,718
0,382,38200,38205,8,12,38300,720
0,383,38300,38305,8,12,38400,721
0,384,38400,38405,8,12,38500,723
0,385,38500,38505,8,12,38600,725
0,386,38600,38605,8,12,38700,727
0,387,38700,38705,8,12,38800,728
0,388,38800,38805,8,12,38900,730
0,389,38900,38905,8,12,39000,731
0,39,3900,3905,8,12,4000,69
0,390,39000,39005,8,12,39100,735
0,391,39100,39105,8,12,39200,736
0,392,39200,39205,8,12,39300,738
0,393,39300,39305,8,12,39400,739
0,394,39400,39405,8,12,39500,741
0,395,39500,39505,8,12,39600,743
0,396,39600,39605,8,12,39700,745
0,397,39700,39705,8,12,39800,746
0,398,39800,39805,8,12,39900,748
0,399,39900,39905,8,12,40000,749
0,4,400,405,8,12,500,6
0,40,4000,4005,8,12,4100,74
0,400,40000,40005,8,12,40100,758
0,401,40100,40105,8,12,40200,759
0,402,40200,40205,8,12,40300,761
0,403,40300,40305,8,12,40400,762
0,404,40400,40405,8,12,40500,764
0,405,40500,40505,8,12,40600,766
0,406,40600,40605,8,12,40700,768
0,407,40700,40705,8,12,40800,769
0,408,40800,40805,8,12,40900,771
0,409,40900,40905,8,12,41000,772
0,41,4100,4105,8,12,4200,75
0,410,41000,41005,8,12,41100,776
0,411,41100,41105,8,12,41200,777
0,412,41200,41205,8,12,41300,779
0,413,41300,41305,8,12,41400,780
0,414,41400,41405,8,12,41500,782
0,415,41500,41505,8,12,41600,784
0,416,41600,41605,8,12,41700,786
0,417,41700,41705,8,12,41800,787
0,418,41800,41805,8,12,41900,789
0,419,41900,41905,8,12,42000,790
0,42,4200,4205,8,12,4300,77
0,420,42000,42005,8,12,42100,795
0,421,42100,42105,8,12,42200,796
0,422,42200,42205,8,12,42300,798
0,423,42300,42305,8,12,42400,799
0,424,42400,42405,8,12,42500,801
0,425,42500,42505,8,12,42600,803
0,426,42600,42605,8,12,42700,805
0,427,42700,42705,8,12,42800,806
0,428,42800,42805,8,12,42900,808
0,429,42900,42905,8,12,43000,809
0,43,4300,4305,8,12,4400,78
0,430,43000,43005,8,12,43100,813
0,431,43100,43105,8,12,43200,814
0,432,43200,43205,8,12,43300,816
0,433,43300,43305,8,12,43400,817
0,434,43400,43405,8,12,43500,819
0,435,43500,43505,8,12,43600,821
0,436,43600,43605,8,12,43700,823
0,437,43700,43705,8,12,43800,824
0,438,43800,43805,8,12,43900,826
0,439,43900,43905,8,12,44000,827
0,44,4400,4405,8,12,4500,80
0,440,44000,44005,8,12,44100,832
0,441,44100,44105,8,12,44200,833
0,442,44200,44205,8,12,44300,835
0,443,44300,44305,8,12,44400,836
0,444,44400,44405,8,12,44500,838
0,445,44500,44505,8,12,44600,840
0,446,44600,44605,8,12,44700,842
0,447,44700,44705,8,12,44800,843
0,448,44800,44805,8,12,44900,845
0,449,44900,44905,8,12,45000,846
0,45,4500,4505,8,12,4600,82
0,450,45000,45005,8,12,45100,851
0,451,45100,45105,8,12,45200,852
0,452,45200,45205,8,12,45300,854
0,453,45300,45305,8,12,45400,855
0,454,45400,45405,8,12,45500,857
0,455,45500,45505,8,12,45600,859
0,456,45600,45605,8,12,45700,861
0,457,45700,45705,8,12,45800,862
0,458,45800,45805,8,12,45900,864
0,459,45900,45905,8,12,46000,865
0,46,4600,4605,8,12,4700,84
0,460,46000,46005,8,12,46100,870
0,461,46100,46105,8,12,46200,871
0,462,46200,46205,8,12,46300,873
0,463,46300,46305,8,12,46400,874
0,464,46400,46405,8,12,46500,876
0,465,46500,46505,8,12,46600,878
0,466,46600,46605,8,12,46700,880
0,467,46700,46705,8,12,46800,881
0,468,46800,46805,8,12,46900,883
0,469,46900,46905,8,12,47000,884
0,47,4700,4705,8,12,4800,85
0,470,47000,47005,8,12,47100,888
0,471,47100,47105,8,12,47200,889
0,472,47200,47205,8,12,47300,891
0,473,47300,47305,8,12,47400,892
0,474,47400,47405,8,12,47500,894
0,475,47500,47505,8,12,47600,896
0,476,47600,47605,8,12,47700,898
0,477,47700,47705,8,12,47800,899
0,478,47800,47805,8,12,47900,901
0,479,47900,47905,8,12,48000,902
0,48,4800,4805,8,12,4900,87
0,480,48000,48005,8,12,48100,907
0,481,48100,48105,8,12,48200,908
0,482,48200,48205,8,12,48300,910
0,483,48300,48305,8,12,48400,911
0,484,48400,48405,8,12,48500,913
0,485,48500,48505,8,12,48600,915
0,486,48600,48605,8,12,48700,917
0,487,48700,48705,8,12,48800,918
0,488,48800,48805,8,12,48900,920
0,489,48900,48905,8,12,49000,921
0,49,4900,4905,8,12,5000,88
0,490,49000,49005,8,12,49100,925
0,491,49100,49105,8,12,49200,926
0,492,49200,49205,8,12,49300,928
0,493,49300,49305,8,12,49400,929
0,494,49400,49405,8,12,49500,931
0,495,49500,49505,8,12,49600,933
0,496,49600,49605,8,12,49700,935
0,497,49700,49705,8,12,49800,936
0,498,49800,49805,8,12,49900,938
0,499,49900,49905,8,12,50000,939
0,5,500,505,8,12,600,8
0,50,5000,5005,8,12,5100,93
0,500,50000,50005,8,12,50100,947
0,501,50100,50105,8,12,50200,948
0,502,50200,50205,8,12,50300,950
0,503,50300,50305,8,12,50400,951
0,504,50400,50405,8,12,50500,953
0,505,50500,50505,8,12,50600,955
0,506,50600,50605,8,12,50700,957
0,507,50700,50705,8,12,50800,958
0,508,50800,50805,8,12,50900,960
0,509,50900,50905,8,12,51000,961
0,51,5100,5105,8,12,5200,94
0,510,51000,51005,8,12,51100,965
0,511,51100,51105,8,12,51200,966
0,512,51200,51205,8,12,51300,968
0,513,51300,51305,8,12,51400,969
0,514,51400,51405,8,12,51500,971
0,515,51500,51505,8,12,51600,973
0,516,51600,51605,8,12,51700,975
0,517,51700,51705,8,12,51800,976
0,518,51800,51805,8,12,51900,978
0,519,51900,51905,8,12,52000,979
0,52,5200,5205,8,12,5300,96
0,520,52000,52005,8,12,52100,984
0,521,52100,52105,8,12,52200,985
0,522,52200,52205,8,12,52300,987
0,523,52300,52305,8,12,52400,988
0,524,52400,52405,8,12,52500,990
0,525,52500,52505,8,12,52600,992
0,526,52600,52605,8,12,52700,994
0,527,52700,52705,8,12,52800,995
0,528,52800,52805,8,12,52900,997
0,529,52900,52905,8,12,53000,998
0,53,5300,5305,8,12,5400,97
0,530,53000,53005,8,12,53100,1002
0,531,53100,53105,8,12,53200,1003
0,532,53200,53205,8,12,53300,1005
0,533,53300,53305,8,12,53400,1006
0,534,53400,53405,8,12,53500,1008
0,535,53500,53505,8,12,53600,1010
0,536,53600,53605,8,12,53700,1012
0,537,53700,53705,8,12,53800,1013
0,538,53800,53805,8,12,53900,1015
0,539,53900,53905,8,12,54000,1016
0,54,5400,5405,8,12,5500,99
0,540,54000,54005,8,12,54100,1021
0,541,54100,54105,8,12,54200,1022
0,542,54200,54205,8,12,54300,1024
0,543,54300,54305,8,12,54400,1025
0,544,54400,54405,8,12,54500,1027
0,545,54500,54505,8,12,54600,1029
0,546,54600,54605,8,12,54700,1031
0,547,54700,54705,8,12,54800,1032
0,548,54800,54805,8,12,54900,1034
0,549,54900,54905,8,12,55000,1035
0,55,5500,5505,8,12,5600,101
0,550,55000,55005,8,12,55100,1040
0,551,55100,55105,8,12,55200,1041
0,552,55200,55205,8,12,55300,1043
0,553,55300,55305,8,12,55400,1044
0,554,55400,55405,8,12,55500,1046
0,555,55500,55505,8,12,55600,1048
0,556,55600,55605,8,12,55700,1050
0,557,55700,55705,8,12,55800,1051
0,558,55800,55805,8,12,55900,1053
0,559,55900,55905,8,12,56000,1054
0,56,5600,5605,8,12,5700,103
0,560,56000,56005,8,12,56100,1059
0,561,56100,56105,8,12,56200,1060
0,562,56200,56205,8,12,56300,1062
0,563,56300,56305,8,12,56400,1063
0,564,56400,56405,8,12,56500,1065
0,565,56500,56505,8,12,56600,1067
0,566,56600,56605,8,12,56700,1069
0,567,56700,56705,8,12,56800,1070
0,568,56800,56805,8,12,56900,1072
0,569,56900,56905,8,12,57000,1073
0,57,5700,5705,8,12,5800,104
0,570,57000,57005,8,12,57100,1077
0,571,57100,57105,8,12,57200,1078
0,572,57200,57205,8,12,57300,1080
0,573,57300,57305,8,12,57400,1081
0,574,57400,57405,8,12,57500,1083
0,575,57500,57505,8,12,57600,1085
0,576,57600,57605,8,12,57700,1087
0,577,57700,57705,8,12,57800,1088
0,578,57800,57805,8,12,57900,1090
0,579,57900,57905,8,12,58000,1091
0,58,5800,5805,8,12,5900,106
0,580,58000,58005,8,12,58100,1096
0,581,58100,58105,8,12,58200,1097
0,582,58200,58205,8,12,58300,1099
0,583,58300,58305,8,12,58400,1100
0,584,58400,58405,8,12,58500,1102
0,585,58500,58505,8,12,58600,1104
0,586,58600,58605,8,12,58700,1106
0,587,58700,58705,8,12,58800,1107
0,588,58800,58805,8,12,58900,1109
0,589,58900,58905,8,12,59000,1110
0,59,5900,5905,8,12,6000,107
0,590,59000,59005,8,12,59100,1114
0,591,59100,59105,8,12,59200,1115
0,592,59200,59205,8,12,59300,1117
0,593,59300,59305,8,12,59400,1118
0,594,59400,59405,8,12,59500,1120
0,595,59500,59505,8,12,59600,1122
0,596,59600,59605,8,12,59700,1124
0,597,59700,59705,8,12,59800,1125
0,598,59800,59805,8,12,59900,1127
0,599,59900,59905,8,12,60000,1128
0,6,600,605,8,12,700,10
0,60,6000,6005,8,12,6100,112
0,600,60000,60005,8,12,60100,1137
0,601,60100,60105,8,12,60200,1138
0,602,60200,60205,8,12,60300,1140
0,603,60300,60305,8,12,60400,1141
0,604,60400,60405,8,12,60500,1143
0,605,60500,60505,8,12,60600,1145
0,606,60600,60605,8,12,60700,1147
0,607,60700,60705,8,12,60800,1148
0,608,60800,60805,8,12,60900,1150
0,609,60900,60905,8,12,61000,1151
0,61,6100,6105,8,12,6200,113
0,610,61000,61005,8,12,61100,1155
0,611,61100,61105,8,12,61200,1156
0,612,61200,61205,8,12,61300,1158
0,613,61300,61305,8,12,61400,1159
0,614,61400,61405,8,12,61500,1161
0,615,61500,61505,8,12,61600,1163
0,616,61600,61605,8,12,61700,1165
0,617,61700,61705,8,12,61800,1166
0,618,61800,61805,8,12,61900,1168
0,619,61900,61905,8,12,62000,1169
0,62,6200,6205,8,12,6300,115
0,620,62000,62005,8,12,62100,1174
0,621,62100,62105,8,12,62200,1175
0,622,62200,62205,8,12,62300,1177
0,623,62300,62305,8,12,62400,1178
0,624,62400,62405,8,12,62500,1180
0,625,62500,62505,8,12,62600,1182
0,626,62600,62605,8,12,62700,1184
0,627,62700,62705,8,12,62800,1185
0,628,62800,62805,8,12,62900,1187
0,629,62900,62905,8,12,63000,1188
0,63,6300,6305,8,12,6400,116
0,630,63000,63005,8,12,63100,1192
0,631,63100,63105,8,12,63200,1193
0,632,63200,63205,8,12,63300,1195
0,633,63300,63305,8,12,63400,1196
0,634,63400,63405,8,12,63500,1198
0,635,63500,63505,8,12,63600,1200
0,636,63600,63605,8,12,63700,1202
0,637,63700,63705,8,12,63800,1203
0,638,63800,63805,8,12,63900,1205
0,639,63900,63905,8,12,64000,1206
0,64,6400,6405,8,12,6500,118
0,640,64000,64005,8,12,64100,1211
0,641,64100,64105,8,12,64200,1212
0,642,64200,64205,8,12,64300,1214
0,643,64300,64305,8,12,64400,1215
0,644,64400,64405,8,12,64500,1217
0,645,64500,64505,8,12,64600,1219
0,646,64600,64605,8,12,64700,1221
0,647,64700,64705,8,12,64800,1222
0,648,64800,64805,8,12,64900,1224
0,649,64900,64905,8,12,65000,1225
0,65,6500,6505,8,12,6600,120
0,650,65000,65005,8,12,65100,1230
0,651,65100,65105,8,12,65200,1231
0,652,65200,65205,8,12,65300,1233
0,653,65300,65305,8,12,65400,1234
0,654,65400,65405,8,12,65500,1236
0,655,65500,65505,8,12,65600,1238
0,656,65600,65605,8,12,65700,1240
0,657,65700,65705,8,12,65800,1241
0,658,65800,65805,8,12,65900,1243
0,659,65900,65905,8,12,66000,1244
0,66,6600,6605,8,12,6700,122
0,660,66000,66005,8,12,66100,1249
0,661,66100,66105,8,12,66200,1250
0,662,66200,66205,8,12,66300,1252
0,663,66300,66305,8,12,66400,1253
0,664,66400,66405,8,12,66500,1255
0,665,66500,66505,8,12,66600,1257
0,666,66600,66605,8,12,66700,1259
0,667,66700,66705,8,12,66800,1260
0,668,66800,66805,8,12,66900,1262
0,669,66900,66905,8,12,67000,1263
0,67,6700,6705,8,12,6800,123
0,670,67000,67005,8,12,67100,1267
0,671,67100,67105,8,12,67200,1268
0,672,67200,67205,8,12,67300,1270
0,673,67300,67305,8,12,67400,1271
0,674,67400,67405,8,12,67500,1273
0,675,67500,67505,8,12,67600,1275
0,676,67600,67605,8,12,67700,1277
0,677,67700,67705,8,12,67800,1278
0,678,67800,67805,8,12,67900,1280
0,679,67900,67905,8,12,68000,1281
0,68,6800,6805,8,12,6900,125
0,680,68000,68005,8,12,68100,1286
0,681,68100,68105,8,12,68200,1287
0,682,68200,68205,8,12,68300,1289
0,683,68300,68305,8,12,68400,1290
0,684,68400,68405,8,12,68500,1292
0,685,68500,68505,8,12,68600,1294
0,686,68600,68605,8,12,68700,1296
0,687,68700,68705,8,12,68800,1297
0,688,68800,68805,8,12,68900,1299
0,689,68900,68905,8,12,69000,1300
0,69,6900,6905,8,12,7000,126
0,690,69000,69005,8,12,69100,1304
0,691,69100,69105,8,12,69200,1305
0,692,69200,69205,8,12,69300,1307
0,693,69300,69305,8,12,69400,1308
0,694,69400,69405,8,12,69500,1310
0,695,69500,69505,8,12,69600,1312
0,696,69600,69605,8,12,69700,1314
0,697,69700,69705,8,12,69800,1315
0,698,69800,69805,8,12,69900,1317
0,699,69900,69905,8,12,70000,1318
0,7,700,705,8,12,800,11
0,70,7000,7005,8,12,7100,130
0,700,70000,70005,8,12,70100,1326
0,701,70100,70105,8,12,70200,1327
0,702,70200,70205,8,12,70300,1329
0,703,70300,70305,8,12,70400,1330
0,704,70400,70405,8,12,70500,1332
0,705,70500,70505,8,12,70600,1334
0,706,70600,70605,8,12,70700,1336
0,707,70700,70705,8,12,70800,1337
0,708,70800,70805,8,12,70900,1339
0,709,70900,70905,8,12,71000,1340
0,71,7100,7105,8,12,7200,131
0,710,71000,71005,8,12,71100,1344
0,711,71100,71105,8,12,71200,1345
0,712,71200,71205,8,12,71300,1347
0,713,71300,71305,8,12,71400,1348
0,714,71400,71405,8,12,71500,1350
0,715,71500,71505,8,12,71600,1352
0,716,71600,71605,8,12,71700,1354
0,717,71700,71705,8,12,71800,1355
0,718,71800,71805,8,12,71900,1357
0,719,71900,71905,8,12,72000,1358
0,72,7200,7205,8,12,7300,133
0,720,72000,72005,8,12,72100,1363
0,721,72100,72105,8,12,72200,1364
0,722,72200,72205,8,12,72300,1366
0,723,72300,72305,8,12,72400,1367
0,724,72400,72405,8,12,72500,1369
0,725,72500,72505,8,12,72600,1371
0,726,72600,72605,8,12,72700,1373
0,727,72700,72705,8,12,72800,1374
0,728,72800,72805,8,12,72900,1376
0,729,72900,72905,8,12,73000,1377
0,73,7300,7305,8,12,7400,134
0,730,73000,73005,8,12,73100,1381
0,731,73100,73105,8,12,73200,1382
0,732,73200,73205,8,12,73300,1384
0,733,73300,73305,8,12,73400,1385
0,734,73400,73405,8,12,73500,1387
0,735,73500,73505,8,12,73600,1389
0,736,73600,73605,8,12,73700,1391
0,737,73700,73705,8,12,73800,1392
0,738,73800,73805,8,12,73900,1394
0,739,73900,73905,8,12,74000,1395
0,74,7400,7405,8,12,7500,136
0,740,74000,74005,8,12,74100,1400
0,741,74100,74105,8,12,74200,1401
0,742,74200,74205,8,12,74300,1403
0,743,74300,74305,8,12,74400,1404
0,744,74400,74405,8,12,74500,1406
0,745,74500,74505,8,12,74600,1408
0,746,74600,74605,8,12,74700,1410
0,747,74700,74705,8,12,74800,1411
0,748,74800,74805,8,12,74900,1413
0,749,74900,74905,8,12,75000,1414
0,75,7500,7505,8,12,7600,138
0,750,75000,75005,8,12,75100,1419
0,751,75100,75105,8,12,75200,1420
0,752,75200,75205,8,12,75300,1422
0,753,75300,75305,8,12,75400,1423
0,754,75400,75405,8,12,75500,1425
0,755,75500,75505,8,12,75600,1427
0,756,75600,75605,8,12,75700,1429
0,757,75700,75705,8,12,75800,1430
0,758,75800,75805,8,12,75900,1432
0,759,75900,75905,8,12,76000,1433
0,76,7600,7605,8,12,7700,140
0,760,76000,76005,8,12,76100,1438
0,761,76100,76105,8,12,76200,1439
0,762,76200,76205,8,12,76300,1441
0,763,76300,76305,8,12,76400,1442
0,764,76400,76405,8,12,76500,1444
0,765,76500,76505,8,12,76600,1446
0,766,76600,76605,8,12,76700,1448
0,767,76700,76705,8,12,76800,1449
0,768,76800,76805,8,12,76900,1451
0,769,76900,76905,8,12,77000,1452
0,77,7700,7705,8,12,7800,141
0,770,77000,77005,8,12,77100,1456
0,771,77100,77105,8,12,77200,1457
0,772,77200,77205,8,12,77300,1459
0,773,77300,77305,8,12,77400,1460
0,774,77400,77405,8,12,77500,1462
0,775,77500,77505,8,12,77600,1464
0,776,77600,77605,8,12,77700,1466
0,777,77700,77705,8,12,77800,1467
0,778,77800,77805,8,12,77900,1469
0,779,77900,77905,8,12,78000,1470
0,78,7800,7805,8,12,7900,143
0,780,78000,78005,8,12,78100,1475
0,781,78100,78105,8,12,78200,1476
0,782,78200,78205,8,12,78300,1478
0,783,78300,78305,8,12,78400,1479
0,784,78400,78405,8,12,78500,1481
0,785,78500,78505,8,12,78600,1483
0,786,78600,78605,8,12,78700,1485
0,787,78700,78705,8,12,78800,1486
0,788,78800,78805,8,12,78900,1488
0,789,78900,78905,8,12,79000,1489
0,79,7900,7905,8,12,8000,144
0,790,79000,79005,8,12,79100,1493
0,791,79100,79105,8,12,79200,1494
0,792,79200,79205,8,12,79300,1496
0,793,79300,79305,8,12,79400,1497
0,794,79400,79405,8,12,79500,1499
0,795,79500,79505,8,12,79600,1501
0,796,79600,79605,8,12,79700,1503
0,797,79700,79705,8,12,79800,1504
0,798,79800,79805,8,12,79900,1506
0,799,79900,79905,8,12,80000,1507
0,8,800,805,8,12,900,13
0,80,8000,8005,8,12,8100,149
0,800,80000,80005,8,12,80100,1516
0,801,80100,80105,8,12,80200,1517
0,802,80200,80205,8,12,80300,1519
0,803,80300,80305,8,12,80400,1520
0,804,80400,80405,8,12,80500,1522
0,805,80500,80505,8,12,80600,1524
0,806,80600,80605,8,12,80700,1526
0,807,80700,80705,8,12,80800,1527
0,808,80800,80805,8,12,80900,1529
0,809,80900,80905,8,12,81000,1530
0,81,8100,8105,8,12,8200,150
0,810,81000,81005,8,12,81100,1534
0,811,81100,81105,8,12,81200,1535
0,812,81200,81205,8,12,81300,1537
0,813,81300,81305,8,12,81400,1538
0,814,81400,81405,8,12,81500,1540
0,815,81500,81505,8,12,81600,1542
0,816,81600,81605,8,12,81700,1544
0,817,81700,81705,8,12,81800,1545
0,818,81800,81805,8,12,81900,1547
0,819,81900,81905,8,12,82000,1548
0,82,8200,8205,8,12,8300,152
0,820,82000,82005,8,12,82100,1553
0,821,82100,82105,8,12,82200,1554
0,822,82200,82205,8,12,82300,1556
0,823,82300,82305,8,12,82400,1557
0,824,82400,82405,8,12,82500,1559
0,825,82500,82505,8,12,82600,1561
0,826,82600,82605,8,12,82700,1563
0,827,82700,82705,8,12,82800,1564
0,828,82800,82805,8,12,82900,1566
0,829,82900,82905,8,12,83000,1567
0,83,8300,8305,8,12,8400,153
0,830,83000,83005,8,12,83100,1571
0,831,83100,83105,8,12,83200,1572
0,832,83200,83205,8,12,83300,1574
0,833,83300,83305,8,12,83400,1575
0,834,83400,83405,8,12,83500,1577
0,835,83500,83505,8,12,83600,1579
0,836,83600,83605,8,12,83700,1581
0,837,83700,83705,8,12,83800,1582
0,838,83800,83805,8,12,83900,1584
0,839,83900,83905,8,12,84000,1585
0,84,8400,8405,8,12,8500,155
0,840,84000,84005,8,12,84100,1590
0,841,84100,84105,8,12,84200,1591
0,842,84200,84205,8,12,84300,1593
0,843,84300,84305,8,12,84400,1594
0,844,84400,84405,8,12,84500,1596
0,845,84500,84505,8,12,84600,1598
0,846,84600,84605,8,12,84700,1600
0,847,84700,84705,8,12,84800,1601
0,848,84800,84805,8,12,84900,1603
0,849,84900,84905,8,12,85000,1604
0,85,8500,8505,8,12,8600,157
0,850,85000,85005,8,12,85100,1609
0,851,85100,85105,8,12,85200,1610
0,852,85200,85205,8,12,85300,1612
0,853,85300,85305,8,12,85400,1613
0,854,85400,85405,8,12,85500,1615
0,855,85500,85505,8,12,85600,1617
0,856,85600,85605,8,12,85700,1619
0,857,85700,85705,8,12,85800,1620
0,858,85800,85805,8,12,85900,1622
0,859,85900,85905,8,12,86000,1623
0,86,8600,8605,8,12,8700,159
0,860,86000,86005,8,12,86100,1628
0,861,86100,86105,8,12,86200,1629
0,862,86200,86205,8,12,86300,1631
0,863,86300,86305,8,12,86400,1632
0,864,86400,86405,8,12,86500,1634
0,865,86500,86505,8,12,86600,1636
0,866,86600,86605,8,12,86700,1638
0,867,86700,86705,8,12,86800,1639
0,868,86800,86805,8,12,86900,1641
0,869,86900,86905,8,12,87000,1642
0,87,8700,8705,8,12,8800,160
0,870,87000,87005,8,12,87100,1646
0,871,87100,87105,8,12,87200,1647
0,872,87200,87205,8,12,87300,1649
0,873,87300,87305,8,12,87400,1650
0,874,87400,87405,8,12,87500,1652
0,875,87500,87505,8,12,87600,1654
0,876,87600,87605,8,12,87700,1656
0,877,87700,87705,8,12,87800,1657
0,878,87800,87805,8,12,87900,1659
0,879,87900,87905,8,12,88000,1660
0,88,8800,8805,8,12,8900,162
0,880,88000,88005,8,12,88100,1665
0,881,88100,88105,8,12,88200,1666
0,882,88200,88205,8,12,88300,1668
0,883,88300,88305,8,12,88400,1669
0,884,88400,88405,8,12,88500,1671
0,885,88500,88505,8,12,88600,1673
0,886,88600,88605,8,12,88700,1675
0,887,88700,88705,8,12,88800,1676
0,888,88800,88805,8,12,88900,1678
0,889,88900,88905,8,12,89000,1679
0,89,8900,8905,8,12,9000,163
0,890,89000,89005,8,12,89100,1683
0,891,89100,89105,8,12,89200,1684
0,892,89200,89205,8,12,89300,1686
0,893,89300,89305,8,12,89400,1687
0,894,89400,89405,8,12,89500,1689
0,895,89500,89505,8,12,89600,1691
0,896,89600,89605,8,12,89700,1693
0,897,89700,89705,8,12,89800,1694
0,898,89800,89805,8,12,89900,1696
0,899,89900,89905,8,12,90000,1697
0,9,900,905,8,12,1000,14
0,90,9000,9005,8,12,9100,167
0,900,90000,90005,8,12,90100,1705
0,901,90100,90105,8,12,90200,1706
0,902,90200,90205,8,12,90300,1708
0,903,90300,90305,8,12,90400,1709
0,904,90400,90405,8,12,90500,1711
0,905,90500,90505,8,12,90600,1713
0,906,90600,90605,8,12,90700,1715
0,907,90700,90705,8,12,90800,1716
0,908,90800,90805,8,12,90900,1718
0,909,90900,90905,8,12,91000,1719
0,91,9100,9105,8,12,9200,168
0,910,91000,91005,8,12,91100,1723
0,911,91100,91105,8,12,91200,1724
0,912,91200,91205,8,12,91300,1726
0,913,91300,91305,8,12,91400,1727
0,914,91400,91405,8,12,91500,1729
0,915,91500,91505,8,12,91600,1731
0,916,91600,91605,8,12,91700,1733
0,917,91700,91705,8,12,91800,1734
0,918,91800,91805,8,12,91900,1736
0,919,91900,91905,8,12,92000,1737
0,92,9200,9205,8,12,9300,170
0,920,92000,92005,8,12,92100,1742
0,921,92100,92105,8,12,92200,1743
0,922,92200,92205,8,12,92300,1745
0,923,92300,92305,8,12,92400,1746
0,924,92400,92405,8,12,92500,1748
0,925,92500,92505,8,12,92600,1750
0,926,92600,92605,8,12,92700,1752
0,927,92700,92705,8,12,92800,1753
0,928,92800,92805,8,12,92900,1755
0,929,92900,92905,8,12,93000,1756
0,93,9300,9305,8,12,9400,171
0,930,93000,93005,8,12,93100,1760
0,931,93100,93105,8,12,93200,1761
0,932,93200,93205,8,12,93300,1763
0,933,93300,93305,8,12,93400,1764
0,934,93400,93405,8,12,93500,1766
0,935,93500,93505,8,12,93600,1768
0,936,93600,93605,8,12,93700,1770
0,937,93700,93705,8,12,93800,1771
0,938,93800,93805,8,12,93900,1773
0,939,93900,93905,8,12,94000,1774
0,94,9400,9405,8,12,9500,173
0,940,94000,94005,8,12,94100,1779
0,941,94100,94105,8,12,94200,1780
0,942,94200,94205,8,12,94300,1782
0,943,94300,94305,8,12,94400,1783
0,944,94400,94405,8,12,94500,1785
0,945,94500,94505,8,12,94600,1787
0,946,94600,94605,8,12,94700,1789
0,947,94700,94705,8,12,94800,1790
0,948,94800,94805,8,12,94900,1792
0,949,94900,94905,8,12,95000,1793
0,95,9500,9505,8,12,9600,175
0,950,95000,95005,8,12,95100,1798
0,951,95100,95105,8,12,95200,1799
0,952,95200,95205,8,12,95300,1801
0,953,95300,95305,8,12,95400,1802
0,954,95400,95405,8,12,95500,1804
0,955,95500,95505,8,12,95600,1806
0,956,95600,95605,8,12,95700,1808
0,957,95700,95705,8,12,95800,1809
0,958,95800,95805,8,12,95900,1811
0,959,95900,95905,8,12,96000,1812
0,96,9600,9605,8,12,9700,177
0,960,96000,96005,8,12,96100,1817
0,961,96100,96105,8,12,96200,1818
0,962,96200,96205,8,12,96300,1820
0,963,96300,96305,8,12,96400,1821
0,964,96400,96405,8,12,96500,1823
0,965,96500,96505,8,12,96600,1825
0,966,96600,96605,8,12,96700,1827
0,967,96700,96705,8,12,96800,1828
0,968,96800,96805,8,12,96900,1830
0,969,96900,96905,8,12,97000,1831
0,97,9700,9705,8,12,9800,178
0,970,97000,97005,8,12,97100,1835
0,971,97100,97105,8,12,97200,1836
0,972,97200,97205,8,12,97300,1838
0,973,97300,97305,8,12,97400,1839
0,974,97400,97405,8,12,97500,1841
0,975,97500,97505,8,12,97600,1843
0,976,97600,97605,8,12,97700,1845
0,977,97700,97705,8,12,97800,1846
0,978,97800,97805,8,12,97900,1848
0,979,97900,97905,8,12,98000,1849
0,98,9800,9805,8,12,9900,180
0,980,98000,98005,8,12,98100,1854
0,981,98100,98105,8,12,98200,1855
0,982,98200,98205,8,12,98300,1857
0,983,98300,98305,8,12,98400,1858
0,984,98400,98405,8,12,98500,1860
0,985,98500,98505,8,12,98600,1862
0,986,98600,98605,8,12,98700,1864
0,987,98700,98705,8,12,98800,1865
0,988,98800,98805,8,12,98900,1867
0,989,98900,98905,8,12,99000,1868
0,99,9900,9905,8,12,10000,181
0,990,99000,99005,8,12,99100,1872
0,991,99100,99105,8,12,99200,1873
0,992,99200,99205,8,12,99300,1875
0,993,99300,99305,8,12,99400,1876
0,994,99400,99405,8,12,99500,1878
0,995,99500,99505,8,12,99600,1880
0,996,99600,99605,8,12,99700,1882
0,997,99700,99705,8,12,99800,1883
0,998,99800,99805,8,12,99900,1885
0,999,99900,99905,8,12,100000,1886
1,0,0,10,3,4,200,2
1,1,200,210,3,4,400,5
1,10,2000,2010,3,4,2200,39
1,100,20000,20010,3,4,20200,381
1,101,20200,20210,3,4,20400,384
1,102,20400,20410,3,4,20600,388
1,103,20600,20610,3,4,20800,391
1,104,20800,20810,3,4,21000,394
1,105,21000,21010,3,4,21200,399
1,106,21200,21210,3,4,21400,402
1,107,21400,21410,3,4,21600,406
1,108,21600,21610,3,4,21800,409
1,109,21800,21810,3,4,22000,412
1,11,2200,2210,3,4,2400,42
1,110,22000,22010,3,4,22200,418
1,111,22200,22210,3,4,22400,421
1,112,22400,22410,3,4,22600,425
1,113,22600,22610,3,4,22800,428
1,114,22800,22810,3,4,23000,431
1,115,23000,23010,3,4,23200,436
1,116,23200,23210,3,4,23400,439
1,117,23400,23410,3,4,23600,443
1,118,23600,23610,3,4,23800,446
1,119,23800,23810,3,4,24000,449
1,12,2400,2410,3,4,2600,46
1,120,24000,24010,3,4,24200,455
1,121,24200,24210,3,4,24400,458
1,122,24400,24410,3,4,24600,462
1,123,24600,24610,3,4,24800,465
1,124,24800,24810,3,4,25000,468
1,125,25000,25010,3,4,25200,474
1,126,25200,25210,3,4,25400,477
1,127,25400,25410,3,4,25600,481
1,128,25600,25610,3,4,25800,484
1,129,25800,25810,3,4,26000,487
1,13,2600,2610,3,4,2800,49
1,130,26000,26010,3,4,26200,493
1,131,26200,26210,3,4,26400,496
1,132,26400,26410,3,4,26600,500
1,133,26600,26610,3,4,26800,503
1,134,26800,26810,3,4,27000,506
1,135,27000,27010,3,4,27200,511
1,136,27200,27210,3,4,27400,514
1,137,27400,27410,3,4,27600,518
1,138,27600,27610,3,4,27800,521
1,139,27800,27810,3,4,28000,524
1,14,2800,2810,3,4,3000,52
1,140,28000,28010,3,4,28200,530
1,141,28200,28210,3,4,28400,533
1,142,28400,28410,3,4,28600,537
1,143,28600,28610,3,4,28800,540
1,144,28800,28810,3,4,29000,543
1,145,29000,29010,3,4,29200,548
1,146,29200,29210,3,4,29400,551
1,147,29400,29410,3,4,29600,555
1,148,29600,29610,3,4,29800,558
1,149,29800,29810,3,4,30000,561
1,15,3000,3010,3,4,3200,57
1,150,30000,30010,3,4,30200,570
1,151,30200,30210,3,4,30400,573
1,152,30400,30410,3,4,30600,577
1,153,30600,30610,3,4,30800,580
1,154,30800,30810,3,4,31000,583
1,155,31000,31010,3,4,31200,588
1,156,31200,31210,3,4,31400,591
1,157,31400,31410,3,4,31600,595
1,158,31600,31610,3,4,31800,598
1,159,31800,31810,3,4,32000,601
1,16,3200,3210,3,4,3400,60
1,160,32000,32010,3,4,32200,607
1,161,32200,32210,3,4,32400,610
1,162,32400,32410,3,4,32600,614
1,163,32600,32610,3,4,32800,617
1,164,32800,32810,3,4,33000,620
1,165,33000,33010,3,4,33200,625
1,166,33200,33210,3,4,33400,628
1,167,33400,33410,3,4,33600,632
1,168,33600,33610,3,4,33800,635
1,169,33800,33810,3,4,34000,638
1,17,3400,3410,3,4,3600,64
1,170,34000,34010,3,4,34200,644
1,171,34200,34210,3,4,34400,647
1,172,34400,34410,3,4,34600,651
1,173,34600,34610,3,4,34800,654
1,174,34800,34810,3,4,35000,657
1,175,35000,35010,3,4,35200,663
1,176,35200,35210,3,4,35400,666
1,177,35400,35410,3,4,35600,670
1,178,35600,35610,3,4,35800,673
1,179,35800,35810,3,4,36000,676
1,18,3600,3610,3,4,3800,67
1,180,36000,36010,3,4,36200,682
1,181,36200,36210,3,4,36400,685
1,182,36400,36410,3,4,36600,689
1,183,36600,36610,3,4,36800,692
1,184,36800,36810,3,4,37000,695
1,185,37000,37010,3,4,37200,700
1,186,37200,37210,3,4,37400,703
1,187,37400,37410,3,4,37600,707
1,188,37600,37610,3,4,37800,710
1,189,37800,37810,3,4,38000,713
1,19,3800,3810,3,4,4000,70
1,190,38000,38010,3,4,38200,719
1,191,38200,38210,3,4,38400,722
1,192,38400,38410,3,4,38600,726
1,193,38600,38610,3,4,38800,729
1,194,38800,38810,3,4,39000,732
1,195,39000,39010,3,4,39200,737
1,196,39200,39210,3,4,39400,740
1,197,39400,39410,3,4,39600,744
1,198,39600,39610,3,4,39800,747
1,199,39800,39810,3,4,40000,750
1,2,400,410,3,4,600,9
1,20,4000,4010,3,4,4200,76
1,200,40000,40010,3,4,40200,760
1,201,40200,40210,3,4,40400,763
1,202,40400,40410,3,4,40600,767
1,203,40600,40610,3,4,40800,770
1,204,40800,40810,3,4,41000,773
1,205,41000,41010,3,4,41200,778
1,206,41200,41210,3,4,41400,781
1,207,41400,41410,3,4,41600,785
1,208,41600,41610,3,4,41800,788
1,209,41800,41810,3,4,42000,791
1,21,4200,4210,3,4,4400,79
1,210,42000,42010,3,4,42200,797
1,211,42200,42210,3,4,42400,800
1,212,42400,42410,3,4,42600,804
1,213,42600,42610,3,4,42800,807
1,214,42800,42810,3,4,43000,810
1,215,43000,43010,3,4,43200,815
1,216,43200,43210,3,4,43400,818
1,217,43400,43410,3,4,43600,822
1,218,43600,43610,3,4,43800,825
1,219,43800,43810,3,4,44000,828
1,22,4400,4410,3,4,4600,83
1,220,44000,44010,3,4,44200,834
1,221,44200,44210,3,4,44400,837
1,222,44400,44410,3,4,44600,841
1,223,44600,44610,3,4,44800,844
1,224,44800,44810,3,4,45000,847
1,225,45000,45010,3,4,45200,853
1,226,45200,45210,3,4,45400,856
1,227,45400,45410,3,4,45600,860
1,228,45600,45610,3,4,45800,863
1,229,45800,45810,3,4,46000,866
1,23,4600,4610,3,4,4800,86
1,230,46000,46010,3,4,46200,872
1,231,46200,46210,3,4,46400,875
1,232,46400,46410,3,4,46600,879
1,233,46600,46610,3,4,46800,882
1,234,46800,46810,3,4,47000,885
1,235,47000,47010,3,4,47200,890
1,236,47200,47210,3,4,47400,893
1,237,47400,47410,3,4,47600,897
1,238,47600,47610,3,4,47800,900
1,239,47800,47810,3,4,48000,903
1,24,4800,4810,3,4,5000,89
1,240,48000,48010,3,4,48200,909
1,241,48200,48210,3,4,48400,912
1,242,48400,48410,3,4,48600,916
1,243,48600,48610,3,4,48800,919
1,244,48800,48810,3,4,49000,922
1,245,49000,49010,3,4,49200,927
1,246,49200,49210,3,4,49400,930
1,247,49400,49410,3,4,49600,934
1,248,49600,49610,3,4,49800,937
1,249,49800,49810,3,4,50000,940
1,25,5000,5010,3,4,5200,95
1,250,50000,50010,3,4,50200,949
1,251,50200,50210,3,4,50400,952
1,252,50400,50410,3,4,50600,956
1,253,50600,50610,3,4,50800,959
1,254,50800,50810,3,4,51000,962
1,255,51000,51010,3,4,51200,967
1,256,51200,51210,3,4,51400,970
1,257,51400,51410,3,4,51600,974
1,258,51600,51610,3,4,51800,977
1,259,51800,51810,3,4,52000,980
1,26,5200,5210,3,4,5400,98
1,260,52000,52010,3,4,52200,986
1,261,52200,52210,3,4,52400,989
1,262,52400,52410,3,4,52600,993
1,263,52600,52610,3,4,52800,996
1,264,52800,52810,3,4,53000,999
1,265,53000,53010,3,4,53200,1004
1,266,53200,53210,3,4,53400,1007
1,267,53400,53410,3,4,53600,1011
1,268,53600,53610,3,4,53800,1014
1,269,53800,53810,3,4,54000,1017
1,27,5400,5410,3,4,5600,102
1,270,54000,54010,3,4,54200,1023
1,271,54200,54210,3,4,54400,1026
1,272,54400,54410,3,4,54600,1030
1,273,54600,54610,3,4,54800,1033
1,274,54800,54810,3,4,55000,1036
1,275,55000,55010,3,4,55200,1042
1,276,55200,55210,3,4,55400,1045
1,277,55400,55410,3,4,55600,1049
1,278,55600,55610,3,4,55800,1052
1,279,55800,55810,3,4,56000,1055
1,28,5600,5610,3,4,5800,105
1,280,56000,56010,3,4,56200,1061
1,281,56200,56210,3,4,56400,1064
1,282,56400,56410,3,4,56600,1068
1,283,56600,56610,3,4,56800,1071
1,284,56800,56810,3,4,57000,1074
1,285,57000,57010,3,4,57200,1079
1,286,57200,57210,3,4,57400,1082
1,287,57400,57410,3,4,57600,1086
1,288,57600,57610,3,4,57800,1089
1,289,57800,57810,3,4,58000,1092
1,29,5800,5810,3,4,6000,108
1,290,58000,58010,3,4,58200,1098
1,291,58200,58210,3,4,58400,1101
1,292,58400,58410,3,4,58600,1105
1,293,58600,58610,3,4,58800,1108
1,294,58800,58810,3,4,59000,1111
1,295,59000,59010,3,4,59200,1116
1,296,59200,59210,3,4,59400,1119
1,297,59400,59410,3,4,59600,1123
1,298,59600,59610,3,4,59800,1126
1,299,59800,59810,3,4,60000,1129
1,3,600,610,3,4,800,12
1,30,6000,6010,3,4,6200,114
1,300,60000,60010,3,4,60200,1139
1,301,60200,60210,3,4,60400,1142
1,302,60400,60410,3,4,60600,1146
1,303,60600,60610,3,4,60800,1149
1,304,60800,60810,3,4,61000,1152
1,305,61000,61010,3,4,61200,1157
1,306,61200,61210,3,4,61400,1160
1,307,61400,61410,3,4,61600,1164
1,308,61600,61610,3,4,61800,1167
1,309,61800,61810,3,4,62000,1170
1,31,6200,6210,3,4,6400,117
1,310,62000,62010,3,4,62200,1176
1,311,62200,62210,3,4,62400,1179
1,312,62400,62410,3,4,62600,1183
1,313,62600,62610,3,4,62800,1186
1,314,62800,62810,3,4,63000,1189
1,315,63000,63010,3,4,63200,1194
1,316,63200,63210,3,4,63400,1197
1,317,63400,63410,3,4,63600,1201
1,318,63600,63610,3,4,63800,1204
1,319,63800,63810,3,4,64000,1207
1,32,6400,6410,3,4,6600,121
1,320,64000,64010,3,4,64200,1213
1,321,64200,64210,3,4,64400,1216
1,322,64400,64410,3,4,64600,1220
1,323,64600,64610,3,4,64800,1223
1,324,64800,64810,3,4,65000,1226
1,325,65000,65010,3,4,65200,1232
1,326,65200,65210,3,4,65400,1235
1,327,65400,65410,3,4,65600,1239
1,328,65600,65610,3,4,65800,1242
1,329,65800,65810,3,4,66000,1245
1,33,6600,6610,3,4,6800,124
1,330,66000,66010,3,4,66200,1251
1,331,66200,66210,3,4,66400,1254
1,332,66400,66410,3,4,66600,1258
1,333,66600,66610,3,4,66800,1261
1,334,66800,66810,3,4,67000,1264
1,335,67000,67010,3,4,67200,1269
1,336,67200,67210,3,4,67400,1272
1,337,67400,67410,3,4,67600,1276
1,338,67600,67610,3,4,67800,1279
1,339,67800,67810,3,4,68000,1282
1,34,6800,6810,3,4,7000,127
1,340,68000,68010,3,4,68200,1288
1,341,68200,68210,3,4,68400,1291
1,342,68400,68410,3,4,68600,1295
1,343,68600,68610,3,4,68800,1298
1,344,68800,68810,3,4,69000,1301
1,345,69000,69010,3,4,69200,1306
1,346,69200,69210,3,4,69400,1309
1,347,69400,69410,3,4,69600,1313
1,348,69600,69610,3,4,69800,1316
1,349,69800,69810,3,4,70000,1319
1,35,7000,7010,3,4,7200,132
1,350,70000,70010,3,4,70200,1328
1,351,70200,70210,3,4,70400,1331
1,352,70400,70410,3,4,70600,1335
1,353,70600,70610,3,4,70800,1338
1,354,70800,70810,3,4,71000,1341
1,355,71000,71010,3,4,71200,1346
1,356,71200,71210,3,4,71400,1349
1,357,71400,71410,3,4,71600,1353
1,358,71600,71610,3,4,71800,1356
1,359,71800,71810,3,4,72000,1359
1,36,7200,7210,3,4,7400,135
1,360,72000,72010,3,4,72200,1365
1,361,72200,72210,3,4,72400,1368
1,362,72400,72410,3,4,72600,1372
1,363,72600,72610,3,4,72800,1375
1,364,72800,72810,3,4,73000,1378
1,365,73000,73010,3,4,73200,1383
1,366,73200,73210,3,4,73400,1386
1,367,73400,73410,3,4,73600,1390
1,368,73600,73610,3,4,73800,1393
1,369,73800,73810,3,4,74000,1396
1,37,7400,7410,3,4,7600,139
1,370,74000,74010,3,4,74200,1402
1,371,74200,74210,3,4,74400,1405
1,372,74400,74410,3,4,74600,1409
1,373,74600,74610,3,4,74800,1412
1,374,74800,74810,3,4,75000,1415
1,375,75000,75010,3,4,75200,1421
1,376,75200,75210,3,4,75400,1424
1,377,75400,75410,3,4,75600,1428
1,378,75600,75610,3,4,75800,1431
1,379,75800,75810,3,4,76000,1434
1,38,7600,7610,3,4,7800,142
1,380,76000,76010,3,4,76200,1440
1,381,76200,76210,3,4,76400,1443
1,382,76400,76410,3,4,76600,1447
1,383,76600,76610,3,4,76800,1450
1,384,76800,76810,3,4,77000,1453
1,385,77000,77010,3,4,77200,1458
1,386,77200,77210,3,4,77400,1461
1,387,77400,77410,3,4,77600,1465
1,388,77600,77610,3,4,77800,1468
1,389,77800,77810,3,4,78000,1471
1,39,7800,7810,3,4,8000,145
1,390,78000,78010,3,4,78200,1477
1,391,78200,78210,3,4,78400,1480
1,392,78400,78410,3,4,78600,1484
1,393,78600,78610,3,4,78800,1487
1,394,78800,78810,3,4,79000,1490
1,395,79000,79010,3,4,79200,1495
1,396,79200,79210,3,4,79400,1498
1,397,79400,79410,3,4,79600,1502
1,398,79600,79610,3,4,79800,1505
1,399,79800,79810,3,4,80000,1508
1,4,800,810,3,4,1000,15
1,40,8000,8010,3,4,8200,151
1,400,80000,80010,3,4,80200,1518
1,401,80200,80210,3,4,80400,1521
1,402,80400,80410,3,4,80600,1525
1,403,80600,80610,3,4,80800,1528
1,404,80800,80810,3,4,81000,1531
1,405,81000,81010,3,4,81200,1536
1,406,81200,81210,3,4,81400,1539
1,407,81400,81410,3,4,81600,1543
1,408,81600,81610,3,4,81800,1546
1,409,81800,81810,3,4,82000,1549
1,41,8200,8210,3,4,8400,154
1,410,82000,82010,3,4,82200,1555
1,411,82200,82210,3,4,82400,1558
1,412,82400,82410,3,4,82600,1562
1,413,82600,82610,3,4,82800,1565
1,414,82800,82810,3,4,83000,1568
1,415,83000,83010,3,4,83200,1573
1,416,83200,83210,3,4,83400,1576
1,417,83400,83410,3,4,83600,1580
1,418,83600,83610,3,4,83800,1583
1,419,83800,83810,3,4,84000,1586
1,42,8400,8410,3,4,8600,158
1,420,84000,84010,3,4,84200,1592
1,421,84200,84210,3,4,84400,1595
1,422,84400,84410,3,4,84600,1599
1,423,84600,84610,3,4,84800,1602
1,424,84800,84810,3,4,85000,1605
1,425,85000,85010,3,4,85200,1611
1,426,85200,85210,3,4,85400,1614
1,427,85400,85410,3,4,85600,1618
1,428,85600,85610,3,4,85800,1621
1,429,85800,85810,3,4,86000,1624
1,43,8600,8610,3,4,8800,161
1,430,86000,86010,3,4,86200,1630
1,431,86200,86210,3,4,86400,1633
1,432,86400,86410,3,4,86600,1637
1,433,86600,86610,3,4,86800,1640
1,434,86800,86810,3,4,87000,1643
1,435,87000,87010,3,4,87200,1648
1,436,87200,87210,3,4,87400,1651
1,437,87400,87410,3,4,87600,1655
1,438,87600,87610,3,4,87800,1658
1,439,87800,87810,3,4,88000,1661
1,44,8800,8810,3,4,9000,164
1,440,88000,88010,3,4,88200,1667
1,441,88200,88210,3,4,88400,1670
1,442,88400,88410,3,4,88600,1674
1,443,88600,88610,3,4,88800,1677
1,444,88800,88810,3,4,89000,1680
1,445,89000,89010,3,4,89200,1685
1,446,89200,89210,3,4,89400,1688
1,447,89400,89410,3,4,89600,1692
1,448,89600,89610,3,4,89800,1695
1,449,89800,89810,3,4,90000,1698
1,45,9000,9010,3,4,9200,169
1,450,90000,90010,3,4,90200,1707
1,451,90200,90210,3,4,90400,1710
1,452,90400,90410,3,4,90600,1714
1,453,90600,90610,3,4,90800,1717
1,454,90800,90810,3,4,91000,1720
1,455,91000,91010,3,4,91200,1725
1,456,91200,91210,3,4,91400,1728
1,457,91400,91410,3,4,91600,1732
1,458,91600,91610,3,4,91800,1735
1,459,91800,91810,3,4,92000,1738
1,46,9200,9210,3,4,9400,172
1,460,92000,92010,3,4,92200,1744
1,461,92200,92210,3,4,92400,1747
1,462,92400,92410,3,4,92600,1751
1,463,92600,92610,3,4,92800,1754
1,464,92800,92810,3,4,93000,1757
1,465,93000,93010,3,4,93200,1762
1,466,93200,93210,3,4,93400,1765
1,467,93400,93410,3,4,93600,1769
1,468,93600,93610,3,4,93800,1772
1,469,93800,93810,3,4,94000,1775
1,47,9400,9410,3,4,9600,176
1,470,94000,94010,3,4,94200,1781
1,471,94200,94210,3,4,94400,1784
1,472,94400,94410,3,4,94600,1788
1,473,94600,94610,3,4,94800,1791
1,474,94800,94810,3,4,95000,1794
1,475,95000,95010,3,4,95200,1800
1,476,95200,95210,3,4,95400,1803
1,477,95400,95410,3,4,95600,1807
1,478,95600,95610,3,4,95800,1810
1,479,95800,95810,3,4,96000,1813
1,48,9600,9610,3,4,9800,179
1,480,96000,96010,3,4,96200,1819
1,481,96200,96210,3,4,96400,1822
1,482,96400,96410,3,4,96600,1826
1,483,96600,96610,3,4,96800,1829
1,484,96800,96810,3,4,97000,1832
1,485,97000,97010,3,4,97200,1837
1,486,97200,97210,3,4,97400,1840
1,487,97400,97410,3,4,97600,1844
1,488,97600,97610,3,4,97800,1847
1,489,97800,97810,3,4,98000,1850
1,49,9800,9810,3,4,10000,182
1,490,98000,98010,3,4,98200,1856
1,491,98200,98210,3,4,98400,1859
1,492,98400,98410,3,4,98600,1863
1,493,98600,98610,3,4,98800,1866
1,494,98800,98810,3,4,99000,1869
1,495,99000,99010,3,4,99200,1874
1,496,99200,99210,3,4,99400,1877
1,497,99400,99410,3,4,99600,1881
1,498,99600,99610,3,4,99800,1884
1,499,99800,99810,3,4,100000,1887
1,5,1000,1010,3,4,1200,20
1,50,10000,10010,3,4,10200,191
1,51,10200,10210,3,4,10400,194
1,52,10400,10410,3,4,10600,198
1,53,10600,10610,3,4,10800,201
1,54,10800,10810,3,4,11000,204
1,55,11000,11010,3,4,11200,209
1,56,11200,11210,3,4,11400,212
1,57,11400,11410,3,4,11600,216
1,58,11600,11610,3,4,11800,219
1,59,11800,11810,3,4,12000,222
1,6,1200,1210,3,4,1400,23
1,60,12000,12010,3,4,12200,228
1,61,12200,12210,3,4,12400,231
1,62,12400,12410,3,4,12600,235
1,63,12600,12610,3,4,12800,238
1,64,12800,12810,3,4,13000,241
1,65,13000,13010,3,4,13200,246
1,66,13200,13210,3,4,13400,249
1,67,13400,13410,3,4,13600,253
1,68,13600,13610,3,4,13800,256
1,69,13800,13810,3,4,14000,259
1,7,1400,1410,3,4,1600,27
1,70,14000,14010,3,4,14200,265
1,71,14200,14210,3,4,14400,268
1,72,14400,14410,3,4,14600,272
1,73,14600,14610,3,4,14800,275
1,74,14800,14810,3,4,15000,278
1,75,15000,15010,3,4,15200,284
1,76,15200,15210,3,4,15400,287
1,77,15400,15410,3,4,15600,291
1,78,15600,15610,3,4,15800,294
1,79,15800,15810,3,4,16000,297
1,8,1600,1610,3,4,1800,30
1,80,16000,16010,3,4,16200,303
1,81,16200,16210,3,4,16400,306
1,82,16400,16410,3,4,16600,310
1,83,16600,16610,3,4,16800,313
1,84,16800,16810,3,4,17000,316
1,85,17000,17010,3,4,17200,321
1,86,17200,17210,3,4,17400,324
1,87,17400,17410,3,4,17600,328
1,88,17600,17610,3,4,17800,331
1,89,17800,17810,3,4,18000,334
1,9,1800,1810,3,4,2000,33
1,90,18000,18010,3,4,18200,340
1,91,18200,18210,3,4,18400,343
1,92,18400,18410,3,4,18600,347
1,93,18600,18610,3,4,18800,350
1,94,18800,18810,3,4,19000,353
1,95,19000,19010,3,4,19200,358
1,96,19200,19210,3,4,19400,361
1,97,19400,19410,3,4,19600,365
1,98,19600,19610,3,4,19800,368
1,99,19800,19810,3,4,20000,371
2,0,0,25,21,35,500,7
2,1,500,525,21,35,1000,16
2,10,5000,5025,21,35,5500,100
2,100,50000,50025,21,35,50500,954
2,101,50500,50525,21,35,51000,963
2,102,51000,51025,21,35,51500,972
2,103,51500,51525,21,35,52000,981
2,104,52000,52025,21,35,52500,991
2,105,52500,52525,21,35,53000,1000
2,106,53000,53025,21,35,53500,1009
2,107,53500,53525,21,35,54000,1018
2,108,54000,54025,21,35,54500,1028
2,109,54500,54525,21,35,55000,1037
2,11,5500,5525,21,35,6000,109
2,110,55000,55025,21,35,55500,1047
2,111,55500,55525,21,35,56000,1056
2,112,56000,56025,21,35,56500,1066
2,113,56500,56525,21,35,57000,1075
2,114,57000,57025,21,35,57500,1084
2,115,57500,57525,21,35,58000,1093
2,116,58000,58025,21,35,58500,1103
2,117,58500,58525,21,35,59000,1112
2,118,59000,59025,21,35,59500,1121
2,119,59500,59525,21,35,60000,1130
2,12,6000,6025,21,35,6500,119
2,120,60000,60025,21,35,60500,1144
2,121,60500,60525,21,35,61000,1153
2,122,61000,61025,21,35,61500,1162
2,123,61500,61525,21,35,62000,1171
2,124,62000,62025,21,35,62500,1181
2,125,62500,62525,21,35,63000,1190
2,126,63000,63025,21,35,63500,1199
2,127,63500,63525,21,35,64000,1208
2,128,64000,64025,21,35,64500,1218
2,129,64500,64525,21,35,65000,1227
2,13,6500,6525,21,35,7000,128
2,130,65000,65025,21,35,65500,1237
2,131,65500,65525,21,35,66000,1246
2,132,66000,66025,21,35,66500,1256
2,133,66500,66525,21,35,67000,1265
2,134,67000,67025,21,35,67500,1274
2,135,67500,67525,21,35,68000,1283
2,136,68000,68025,21,35,68500,1293
2,137,68500,68525,21,35,69000,1302
2,138,69000,69025,21,35,69500,1311
2,139,69500,69525,21,35,70000,1320
2,14,7000,7025,21,35,7500,137
2,140,70000,70025,21,35,70500,1333
2,141,70500,70525,21,35,71000,1342
2,142,71000,71025,21,35,71500,1351
2,143,71500,71525,21,35,72000,1360
2,144,72000,72025,21,35,72500,1370
2,145,72500,72525,21,35,73000,1379
2,146,73000,73025,21,35,73500,1388
2,147,73500,73525,21,35,74000,1397
2,148,74000,74025,21,35,74500,1407
2,149,74500,74525,21,35,75000,1416
2,15,7500,7525,21,35,8000,146
2,150,75000,75025,21,35,75500,1426
2,151,75500,75525,21,35,76000,1435
2,152,76000,76025,21,35,76500,1445
2,153,76500,76525,21,35,77000,1454
2,154,77000,77025,21,35,77500,1463
2,155,77500,77525,21,35,78000,1472
2,156,78000,78025,21,35,78500,1482
2,157,78500,78525,21,35,79000,1491
2,158,79000,79025,21,35,79500,1500
2,159,79500,79525,21,35,80000,1509
2,16,8000,8025,21,35,8500,156
2,160,80000,80025,21,35,80500,1523
2,161,80500,80525,21,35,81000,1532
2,162,81000,81025,21,35,81500,1541
2,163,81500,81525,21,35,82000,1550
2,164,82000,82025,21,35,82500,1560
2,165,82500,82525,21,35,83000,1569
2,166,83000,83025,21,35,83500,1578
2,167,83500,83525,21,35,84000,1587
2,168,84000,84025,21,35,84500,1597
2,169,84500,84525,21,35,85000,1606
2,17,8500,8525,21,35,9000,165
2,170,85000,85025,21,35,85500,1616
2,171,85500,85525,21,35,86000,1625
2,172,86000,86025,21,35,86500,1635
2,173,86500,86525,21,35,87000,1644
2,174,87000,87025,21,35,87500,1653
2,175,87500,87525,21,35,88000,1662
2,176,88000,88025,21,35,88500,1672
2,177,88500,88525,21,35,89000,1681
2,178,89000,89025,21,35,89500,1690
2,179,89500,89525,21,35,90000,1699
2,18,9000,9025,21,35,9500,174
2,180,90000,90025,21,35,90500,1712
2,181,90500,90525,21,35,91000,1721
2,182,91000,91025,21,35,91500,1730
2,183,91500,91525,21,35,92000,1739
2,184,92000,92025,21,35,92500,1749
2,185,92500,92525,21,35,93000,1758
2,186,93000,93025,21,35,93500,1767
2,187,93500,93525,21,35,94000,1776
2,188,94000,94025,21,35,94500,1786
2,189,94500,94525,21,35,95000,1795
2,19,9500,9525,21,35,10000,183
2,190,95000,95025,21,35,95500,1805
2,191,95500,95525,21,35,96000,1814
2,192,96000,96025,21,35,96500,1824
2,193,96500,96525,21,35,97000,1833
2,194,97000,97025,21,35,97500,1842
2,195,97500,97525,21,35,98000,1851
2,196,98000,98025,21,35,98500,1861
2,197,98500,98525,21,35,99000,1870
2,198,99000,99025,21,35,99500,1879
2,199,99500,99525,21,35,100000,1888
2,2,1000,1025,21,35,1500,25
2,20,10000,10025,21,35,10500,196
2,21,10500,10525,21,35,11000,205
2,22,11000,11025,21,35,11500,214
2,23,11500,11525,21,35,12000,223
2,24,12000,12025,21,35,12500,233
2,25,12500,12525,21,35,13000,242
2,26,13000,13025,21,35,13500,251
2,27,13500,13525,21,35,14000,260
2,28,14000,14025,21,35,14500,270
2,29,14500,14525,21,35,15000,279
2,3,1500,1525,21,35,2000,34
2,30,15000,15025,21,35,15500,289
2,31,15500,15525,21,35,16000,298
2,32,16000,16025,21,35,16500,308
2,33,16500,16525,21,35,17000,317
2,34,17000,17025,21,35,17500,326
2,35,17500,17525,21,35,18000,335
2,36,18000,18025,21,35,18500,345
2,37,18500,18525,21,35,19000,354
2,38,19000,19025,21,35,19500,363
2,39,19500,19525,21,35,20000,372
2,4,2000,2025,21,35,2500,44
2,40,20000,20025,21,35,20500,386
2,41,20500,20525,21,35,21000,395
2,42,21000,21025,21,35,21500,404
2,43,21500,21525,21,35,22000,413
2,44,22000,22025,21,35,22500,423
2,45,22500,22525,21,35,23000,432
2,46,23000,23025,21,35,23500,441
2,47,23500,23525,21,35,24000,450
2,48,24000,24025,21,35,24500,460
2,49,24500,24525,21,35,25000,469
2,5,2500,2525,21,35,3000,53
2,50,25000,25025,21,35,25500,479
2,51,25500,25525,21,35,26000,488
2,52,26000,26025,21,35,26500,498
2,53,26500,26525,21,35,27000,507
2,54,27000,27025,21,35,27500,516
2,55,27500,27525,21,35,28000,525
2,56,28000,28025,21,35,28500,535
2,57,28500,28525,21,35,29000,544
2,58,29000,29025,21,35,29500,553
2,59,29500,29525,21,35,30000,562
2,6,3000,3025,21,35,3500,62
2,60,30000,30025,21,35,30500,575
2,61,30500,30525,21,35,31000,584
2,62,31000,31025,21,35,31500,593
2,63,31500,31525,21,35,32000,602
2,64,32000,32025,21,35,32500,612
2,65,32500,32525,21,35,33000,621
2,66,33000,33025,21,35,33500,630
2,67,33500,33525,21,35,34000,639
2,68,34000,34025,21,35,34500,649
2,69,34500,34525,21,35,35000,658
2,7,3500,3525,21,35,4000,71
2,70,35000,35025,21,35,35500,668
2,71,35500,35525,21,35,36000,677
2,72,36000,36025,21,35,36500,687
2,73,36500,36525,21,35,37000,696
2,74,37000,37025,21,35,37500,705
2,75,37500,37525,21,35,38000,714
2,76,38000,38025,21,35,38500,724
2,77,38500,38525,21,35,39000,733
2,78,39000,39025,21,35,39500,742
2,79,39500,39525,21,35,40000,751
2,8,4000,4025,21,35,4500,81
2,80,40000,40025,21,35,40500,765
2,81,40500,40525,21,35,41000,774
2,82,41000,41025,21,35,41500,783
2,83,41500,41525,21,35,42000,792
2,84,42000,42025,21,35,42500,802
2,85,42500,42525,21,35,43000,811
2,86,43000,43025,21,35,43500,820
2,87,43500,43525,21,35,44000,829
2,88,44000,44025,21,35,44500,839
2,89,44500,44525,21,35,45000,848
2,9,4500,4525,21,35,5000,90
2,90,45000,45025,21,35,45500,858
2,91,45500,45525,21,35,46000,867
2,92,46000,46025,21,35,46500,877
2,93,46500,46525,21,35,47000,886
2,94,47000,47025,21,35,47500,895
2,95,47500,47525,21,35,48000,904
2,96,48000,48025,21,35,48500,914
2,97,48500,48525,21,35,49000,923
2,98,49000,49025,21,35,49500,932
2,99,49500,49525,21,35,50000,941
3,0,0,50,83,137,1000,17
3,1,1000,1050,83,137,2000,35
3,10,10000,10050,83,137,11000,206
3,11,11000,11050,83,137,12000,224
3,12,12000,12050,83,137,13000,243
3,13,13000,13050,83,137,14000,261
3,14,14000,14050,83,137,15000,280
3,15,15000,15050,83,137,16000,299
3,16,16000,16050,83,137,17000,318
3,17,17000,17050,83,137,18000,336
3,18,18000,18050,83,137,19000,355
3,19,19000,19050,83,137,20000,373
3,2,2000,2050,83,137,3000,54
3,20,20000,20050,83,137,21000,396
3,21,21000,21050,83,137,22000,414
3,22,22000,22050,83,137,23000,433
3,23,23000,23050,83,137,24000,451
3,24,24000,24050,83,137,25000,470
3,25,25000,25050,83,137,26000,489
3,26,26000,26050,83,137,27000,508
3,27,27000,27050,83,137,28000,526
3,28,28000,28050,83,137,29000,545
3,29,29000,29050,83,137,30000,563
3,3,3000,3050,83,137,4000,72
3,30,30000,30050,83,137,31000,585
3,31,31000,31050,83,137,32000,603
3,32,32000,32050,83,137,33000,622
3,33,33000,33050,83,137,34000,640
3,34,34000,34050,83,137,35000,659
3,35,35000,35050,83,137,36000,678
3,36,36000,36050,83,137,37000,697
3,37,37000,37050,83,137,38000,715
3,38,38000,38050,83,137,39000,734
3,39,39000,39050,83,137,40000,752
3,4,4000,4050,83,137,5000,91
3,40,40000,40050,83,137,41000,775
3,41,41000,41050,83,137,42000,793
3,42,42000,42050,83,137,43000,812
3,43,43000,43050,83,137,44000,830
3,44,44000,44050,83,137,45000,849
3,45,45000,45050,83,137,46000,868
3,46,46000,46050,83,137,47000,887
3,47,47000,47050,83,137,48000,905
3,48,48000,48050,83,137,49000,924
3,49,49000,49050,83,137,50000,942
3,5,5000,5050,83,137,6000,110
3,50,50000,50050,83,137,51000,964
3,51,51000,51050,83,137,52000,982
3,52,52000,52050,83,137,53000,1001
3,53,53000,53050,83,137,54000,1019
3,54,54000,54050,83,137,55000,1038
3,55,55000,55050,83,137,56000,1057
3,56,56000,56050,83,137,57000,1076
3,57,57000,57050,83,137,58000,1094
3,58,58000,58050,83,137,59000,1113
3,59,59000,59050,83,137,60000,1131
3,6,6000,6050,83,137,7000,129
3,60,60000,60050,83,137,61000,1154
3,61,61000,61050,83,137,62000,1172
3,62,62000,62050,83,137,63000,1191
3,63,63000,63050,83,137,64000,1209
3,64,64000,64050,83,137,65000,1228
3,65,65000,65050,83,137,66000,1247
3,66,66000,66050,83,137,67000,1266
3,67,67000,67050,83,137,68000,1284
3,68,68000,68050,83,137,69000,1303
3,69,69000,69050,83,137,70000,1321
3,7,7000,7050,83,137,8000,147
3,70,70000,70050,83,137,71000,1343
3,71,71000,71050,83,137,72000,1361
3,72,72000,72050,83,137,73000,1380
3,73,73000,73050,83,137,74000,1398
3,74,74000,74050,83,137,75000,1417
3,75,75000,75050,83,137,76000,1436
3,76,76000,76050,83,137,77000,1455
3,77,77000,77050,83,137,78000,1473
3,78,78000,78050,83,137,79000,1492
3,79,79000,79050,83,137,80000,1510
3,8,8000,8050,83,137,9000,166
3,80,80000,80050,83,137,81000,1533
3,81,81000,81050,83,137,82000,1551
3,82,82000,82050,83,137,83000,1570
3,83,83000,83050,83,137,84000,1588
3,84,84000,84050,83,137,85000,1607
3,85,85000,85050,83,137,86000,1626
3,86,86000,86050,83,137,87000,1645
3,87,87000,87050,83,137,88000,1663
3,88,88000,88050,83,137,89000,1682
3,89,89000,89050,83,137,90000,1700
3,9,9000,9050,83,137,10000,184
3,90,90000,90050,83,137,91000,1722
3,91,91000,91050,83,137,92000,1740
3,92,92000,92050,83,137,93000,1759
3,93,93000,93050,83,137,94000,1777
3,94,94000,94050,83,137,95000,1796
3,95,95000,95050,83,137,96000,1815
3,96,96000,96050,83,137,97000,1834
3,97,97000,97050,83,137,98000,1852
3,98,98000,98050,83,137,99000,1871
3,99,99000,99050,83,137,100000,1889
4,0,0,100,120,199,2000,36
4,1,2000,2100,120,199,4000,73
4,10,20000,20100,120,199,22000,415
4,11,22000,22100,120,199,24000,452
4,12,24000,24100,120,199,26000,490
4,13,26000,26100,120,199,28000,527
4,14,28000,28100,120,199,30000,564
4,15,30000,30100,120,199,32000,604
4,16,32000,32100,120,199,34000,641
4,17,34000,34100,120,199,36000,679
4,18,36000,36100,120,199,38000,716
4,19,38000,38100,120,199,40000,753
4,2,4000,4100,120,199,6000,111
4,20,40000,40100,120,199,42000,794
4,21,42000,42100,120,199,44000,831
4,22,44000,44100,120,199,46000,869
4,23,46000,46100,120,199,48000,906
4,24,48000,48100,120,199,50000,943
4,25,50000,50100,120,199,52000,983
4,26,52000,52100,120,199,54000,1020
4,27,54000,54100,120,199,56000,1058
4,28,56000,56100,120,199,58000,1095
4,29,58000,58100,120,199,60000,1132
4,3,6000,6100,120,199,8000,148
4,30,60000,60100,120,199,62000,1173
4,31,62000,62100,120,199,64000,1210
4,32,64000,64100,120,199,66000,1248
4,33,66000,66100,120,199,68000,1285
4,34,68000,68100,120,199,70000,1322
4,35,70000,70100,120,199,72000,1362
4,36,72000,72100,120,199,74000,1399
4,37,74000,74100,120,199,76000,1437
4,38,76000,76100,120,199,78000,1474
4,39,78000,78100,120,199,80000,1511
4,4,8000,8100,120,199,10000,185
4,40,80000,80100,120,199,82000,1552
4,41,82000,82100,120,199,84000,1589
4,42,84000,84100,120,199,86000,1627
4,43,86000,86100,120,199,88000,1664
4,44,88000,88100,120,199,90000,1701
4,45,90000,90100,120,199,92000,1741
4,46,92000,92100,120,199,94000,1778
4,47,94000,94100,120,199,96000,1816
4,48,96000,96100,120,199,98000,1853
4,49,98000,98100,120,199,100000,1890
4,5,10000,10100,120,199,12000,225
4,6,12000,12100,120,199,14000,262
4,7,14000,14100,120,199,16000,300
4,8,16000,16100,120,199,18000,337
4,9,18000,18100,120,199,20000,374
5,0,0,250,9,15,5000,92
5,1,5000,5250,9,15,10000,186
5,10,50000,50250,9,15,55000,1039
5,11,55000,55250,9,15,60000,1133
5,12,60000,60250,9,15,65000,1229
5,13,65000,65250,9,15,70000,1323
5,14,70000,70250,9,15,75000,1418
5,15,75000,75250,9,15,80000,1512
5,16,80000,80250,9,15,85000,1608
5,17,85000,85250,9,15,90000,1702
5,18,90000,90250,9,15,95000,1797
5,19,95000,95250,9,15,100000,1891
5,2,10000,10250,9,15,15000,281
5,3,15000,15250,9,15,20000,375
5,4,20000,20250,9,15,25000,471
5,5,25000,25250,9,15,30000,565
5,6,30000,30250,9,15,35000,660
5,7,35000,35250,9,15,40000,754
5,8,40000,40250,9,15,45000,850
5,9,45000,45250,9,15,50000,944
6,0,0,500,64,106,10000,187
6,1,10000,10500,64,106,20000,376
6,2,20000,20500,64,106,30000,566
6,3,30000,30500,64,106,40000,755
6,4,40000,40500,64,106,50000,945
6,5,50000,50500,64,106,60000,1134
6,6,60000,60500,64,106,70000,1324
6,7,70000,70500,64,106,80000,1513
6,8,80000,80500,64,106,90000,1703
6,9,90000,90500,64,106,100000,1892
7,0,0,500,64,106,10000,188
7,1,10000,10500,64,106,20000,377
7,2,20000,20500,64,106,30000,567
7,3,30000,30500,64,106,40000,756
7,4,40000,40500,64,106,50000,946
7,5,50000,50500,64,106,60000,1135
7,6,60000,60500,64,106,70000,1325
7,7,70000,70500,64,106,80000,1514
7,8,80000,80500,64,106,90000,1704
7,9,90000,90500,64,106,100000,1893
8,0,0,1000,1,1,20000,378
8,1,20000,21000,1,1,40000,757
8,2,40000,41000,1,1,60000,1136
8,3,60000,61000,1,1,80000,1515
8,4,80000,81000,1,1,100000,1894
9,0,0,5000,1,1,100000,1895
