Task ID,Job ID,Arrival min,Arrival max,Cost min,Cost max,Deadline,Priority
0,0,0,0,4,6,10,0
0,1,10,10,4,6,20,1
0,10,100,100,4,6,110,10
0,100,1000,1000,4,6,1010,100
0,101,1010,1010,4,6,1020,101
0,102,1020,1020,4,6,1030,102
0,103,1030,1030,4,6,1040,103
0,104,1040,1040,4,6,1050,104
0,105,1050,1050,4,6,1060,105
0,106,1060,1060,4,6,1070,106
0,107,1070,1070,4,6,1080,107
0,108,1080,1080,4,6,1090,108
0,109,1090,1090,4,6,1100,109
0,11,110,110,4,6,120,11
0,110,1100,1100,4,6,1110,110
0,111,1110,1110,4,6,1120,111
0,112,1120,1120,4,6,1130,112
0,113,1130,1130,4,6,1140,113
0,114,1140,1140,4,6,1150,114
0,115,1150,1150,4,6,1160,115
0,116,1160,1160,4,6,1170,116
0,117,1170,1170,4,6,1180,117
0,118,1180,1180,4,6,1190,118
0,119,1190,1190,4,6,1200,119
0,12,120,120,4,6,130,12
0,120,1200,1200,4,6,1210,120
0,121,1210,1210,4,6,1220,121
0,122,1220,1220,4,6,1230,122
0,123,1230,1230,4,6,1240,123
0,124,1240,1240,4,6,1250,124
0,125,1250,1250,4,6,1260,125
0,126,1260,1260,4,6,1270,126
0,127,1270,1270,4,6,1280,127
0,128,1280,1280,4,6,1290,128
0,129,1290,1290,4,6,1300,129
0,13,130,130,4,6,140,13
0,130,1300,1300,4,6,1310,130
0,131,1310,1310,4,6,1320,131
0,132,1320,1320,4,6,1330,132
0,133,1330,1330,4,6,1340,133
0,134,1340,1340,4,6,1350,134
0,135,1350,1350,4,6,1360,135
0,136,1360,1360,4,6,1370,136
0,137,1370,1370,4,6,1380,137
0,138,1380,1380,4,6,1390,138
0,139,1390,1390,4,6,1400,139
0,14,140,140,4,6,150,14
0,140,1400,1400,4,6,1410,140
0,141,1410,1410,4,6,1420,141
0,142,1420,1420,4,6,1430,142
0,143,1430,1430,4,6,1440,143
0,144,1440,1440,4,6,1450,144
0,145,1450,1450,4,6,1460,145
0,146,1460,1460,4,6,1470,146
0,147,1470,1470,4,6,1480,147
0,148,1480,1480,4,6,1490,148
0,149,1490,1490,4,6,1500,149
0,15,150,150,4,6,160,15
0,150,1500,1500,4,6,1510,150
0,151,1510,1510,4,6,1520,151
0,152,1520,1520,4,6,1530,152
0,153,1530,1530,4,6,1540,153
0,154,1540,1540,4,6,1550,154
0,155,1550,1550,4,6,1560,155
0,156,1560,1560,4,6,1570,156
0,157,1570,1570,4,6,1580,157
0,158,1580,1580,4,6,1590,158
0,159,1590,1590,4,6,1600,159
0,16,160,160,4,6,170,16
0,160,1600,1600,4,6,1610,160
0,161,1610,1610,4,6,1620,161
0,162,1620,1620,4,6,1630,162
0,163,1630,1630,4,6,1640,163
0,164,1640,1640,4,6,1650,164
0,165,1650,1650,4,6,1660,165
0,166,1660,1660,4,6,1670,166
0,167,1670,1670,4,6,1680,167
0,168,1680,1680,4,6,1690,168
0,169,1690,1690,4,6,1700,169
0,17,170,170,4,6,180,17
0,170,1700,1700,4,6,1710,170
0,171,1710,1710,4,6,1720,171
0,172,1720,1720,4,6,1730,172
0,173,1730,1730,4,6,1740,173
0,174,1740,1740,4,6,1750,174
0,175,1750,1750,4,6,1760,175
0,176,1760,1760,4,6,1770,176
0,177,1770,1770,4,6,1780,177
0,178,1780,1780,4,6,1790,178
0,179,1790,1790,4,6,1800,179
0,18,180,180,4,6,190,18
0,180,1800,1800,4,6,1810,180
0,181,1810,1810,4,6,1820,181
0,182,1820,1820,4,6,1830,182
0,183,1830,1830,4,6,1840,183
0,184,1840,1840,4,6,1850,184
0,185,1850,1850,4,6,1860,185
0,186,1860,1860,4,6,1870,186
0,187,1870,1870,4,6,1880,187
0,188,1880,1880,4,6,1890,188
0,189,1890,1890,4,6,1900,189
0,19,190,190,4,6,200,19
0,190,1900,1900,4,6,1910,190
0,191,1910,1910,4,6,1920,191
0,192,1920,1920,4,6,1930,192
0,193,1930,1930,4,6,1940,193
0,194,1940,1940,4,6,1950,194
0,195,1950,1950,4,6,1960,195
0,196,1960,1960,4,6,1970,196
0,197,1970,1970,4,6,1980,197
0,198,1980,1980,4,6,1990,198
0,199,1990,1990,4,6,2000,199
0,2,20,20,4,6,30,2
0,20,200,200,4,6,210,20
0,200,2000,2000,4,6,2010,200
0,201,2010,2010,4,6,2020,201
0,202,2020,2020,4,6,2030,202
0,203,2030,2030,4,6,2040,203
0,204,2040,2040,4,6,2050,204
0,205,2050,2050,4,6,2060,205
0,206,2060,2060,4,6,2070,206
0,207,2070,2070,4,6,2080,207
0,208,2080,2080,4,6,2090,208
0,209,2090,2090,4,6,2100,209
0,21,210,210,4,6,220,21
0,210,2100,2100,4,6,2110,210
0,211,2110,2110,4,6,2120,211
0,212,2120,2120,4,6,2130,212
0,213,2130,2130,4,6,2140,213
0,214,2140,2140,4,6,2150,214
0,215,2150,2150,4,6,2160,215
0,216,2160,2160,4,6,2170,216
0,217,2170,2170,4,6,2180,217
0,218,2180,2180,4,6,2190,218
0,219,2190,2190,4,6,2200,219
0,22,220,220,4,6,230,22
0,220,2200,2200,4,6,2210,220
0,221,2210,2210,4,6,2220,221
0,222,2220,2220,4,6,2230,222
0,223,2230,2230,4,6,2240,223
0,224,2240,2240,4,6,2250,224
0,225,2250,2250,4,6,2260,225
0,226,2260,2260,4,6,2270,226
0,227,2270,2270,4,6,2280,227
0,228,2280,2280,4,6,2290,228
0,229,2290,2290,4,6,2300,229
0,23,230,230,4,6,240,23
0,230,2300,2300,4,6,2310,230
0,24,240,240,4,6,250,24
0,25,250,250,4,6,260,25
0,26,260,260,4,6,270,26
0,27,270,270,4,6,280,27
0,28,280,280,4,6,290,28
0,29,290,290,4,6,300,29
0,3,30,30,4,6,40,3
0,30,300,300,4,6,310,30
0,31,310,310,4,6,320,31
0,32,320,320,4,6,330,32
0,33,330,330,4,6,340,33
0,34,340,340,4,6,350,34
0,35,350,350,4,6,360,35
0,36,360,360,4,6,370,36
0,37,370,370,4,6,380,37
0,38,380,380,4,6,390,38
0,39,390,390,4,6,400,39
0,4,40,40,4,6,50,4
0,40,400,400,4,6,410,40
0,41,410,410,4,6,420,41
0,42,420,420,4,6,430,42
0,43,430,430,4,6,440,43
0,44,440,440,4,6,450,44
0,45,450,450,4,6,460,45
0,46,460,460,4,6,470,46
0,47,470,470,4,6,480,47
0,48,480,480,4,6,490,48
0,49,490,490,4,6,500,49
0,5,50,50,4,6,60,5
0,50,500,500,4,6,510,50
0,51,510,510,4,6,520,51
0,52,520,520,4,6,530,52
0,53,530,530,4,6,540,53
0,54,540,540,4,6,550,54
0,55,550,550,4,6,560,55
0,56,560,560,4,6,570,56
0,57,570,570,4,6,580,57
0,58,580,580,4,6,590,58
0,59,590,590,4,6,600,59
0,6,60,60,4,6,70,6
0,60,600,600,4,6,610,60
0,61,610,610,4,6,620,61
0,62,620,620,4,6,630,62
0,63,630,630,4,6,640,63
0,64,640,640,4,6,650,64
0,65,650,650,4,6,660,65
0,66,660,660,4,6,670,66
0,67,670,670,4,6,680,67
0,68,680,680,4,6,690,68
0,69,690,690,4,6,700,69
0,7,70,70,4,6,80,7
0,70,700,700,4,6,710,70
0,71,710,710,4,6,720,71
0,72,720,720,4,6,730,72
0,73,730,730,4,6,740,73
0,74,740,740,4,6,750,74
0,75,750,750,4,6,760,75
0,76,760,760,4,6,770,76
0,77,770,770,4,6,780,77
0,78,780,780,4,6,790,78
0,79,790,790,4,6,800,79
0,8,80,80,4,6,90,8
0,80,800,800,4,6,810,80
0,81,810,810,4,6,820,81
0,82,820,820,4,6,830,82
0,83,830,830,4,6,840,83
0,84,840,840,4,6,850,84
0,85,850,850,4,6,860,85
0,86,860,860,4,6,870,86
0,87,870,870,4,6,880,87
0,88,880,880,4,6,890,88
0,89,890,890,4,6,900,89
0,9,90,90,4,6,100,9
0,90,900,900,4,6,910,90
0,91,910,910,4,6,920,91
0,92,920,920,4,6,930,92
0,93,930,930,4,6,940,93
0,94,940,940,4,6,950,94
0,95,950,950,4,6,960,95
0,96,960,960,4,6,970,96
0,97,970,970,4,6,980,97
0,98,980,980,4,6,990,98
0,99,990,990,4,6,1000,99
1,0,0,0,1,1,15,231
1,1,15,15,1,1,30,232
1,10,150,150,1,1,165,241
1,100,1500,1500,1,1,1515,331
1,101,1515,1515,1,1,1530,332
1,102,1530,1530,1,1,1545,333
1,103,1545,1545,1,1,1560,334
1,104,1560,1560,1,1,1575,335
1,105,1575,1575,1,1,1590,336
1,106,1590,1590,1,1,1605,337
1,107,1605,1605,1,1,1620,338
1,108,1620,1620,1,1,1635,339
1,109,1635,1635,1,1,1650,340
1,11,165,165,1,1,180,242
1,110,1650,1650,1,1,1665,341
1,111,1665,1665,1,1,1680,342
1,112,1680,1680,1,1,1695,343
1,113,1695,1695,1,1,1710,344
1,114,1710,1710,1,1,1725,345
1,115,1725,1725,1,1,1740,346
1,116,1740,1740,1,1,1755,347
1,117,1755,1755,1,1,1770,348
1,118,1770,1770,1,1,1785,349
1,119,1785,1785,1,1,1800,350
1,12,180,180,1,1,195,243
1,120,1800,1800,1,1,1815,351
1,121,1815,1815,1,1,1830,352
1,122,1830,1830,1,1,1845,353
1,123,1845,1845,1,1,1860,354
1,124,1860,1860,1,1,1875,355
1,125,1875,1875,1,1,1890,356
1,126,1890,1890,1,1,1905,357
1,127,1905,1905,1,1,1920,358
1,128,1920,1920,1,1,1935,359
1,129,1935,1935,1,1,1950,360
1,13,195,195,1,1,210,244
1,130,1950,1950,1,1,1965,361
1,131,1965,1965,1,1,1980,362
1,132,1980,1980,1,1,1995,363
1,133,1995,1995,1,1,2010,364
1,134,2010,2010,1,1,2025,365
1,135,2025,2025,1,1,2040,366
1,136,2040,2040,1,1,2055,367
1,137,2055,2055,1,1,2070,368
1,138,2070,2070,1,1,2085,369
1,139,2085,2085,1,1,2100,370
1,14,210,210,1,1,225,245
1,140,2100,2100,1,1,2115,371
1,141,2115,2115,1,1,2130,372
1,142,2130,2130,1,1,2145,373
1,143,2145,2145,1,1,2160,374
1,144,2160,2160,1,1,2175,375
1,145,2175,2175,1,1,2190,376
1,146,2190,2190,1,1,2205,377
1,147,2205,2205,1,1,2220,378
1,148,2220,2220,1,1,2235,379
1,149,2235,2235,1,1,2250,380
1,15,225,225,1,1,240,246
1,150,2250,2250,1,1,2265,381
1,151,2265,2265,1,1,2280,382
1,152,2280,2280,1,1,2295,383
1,153,2295,2295,1,1,2310,384
1,16,240,240,1,1,255,247
1,17,255,255,1,1,270,248
1,18,270,270,1,1,285,249
1,19,285,285,1,1,300,250
1,2,30,30,1,1,45,233
1,20,300,300,1,1,315,251
1,21,315,315,1,1,330,252
1,22,330,330,1,1,345,253
1,23,345,345,1,1,360,254
1,24,360,360,1,1,375,255
1,25,375,375,1,1,390,256
1,26,390,390,1,1,405,257
1,27,405,405,1,1,420,258
1,28,420,420,1,1,435,259
1,29,435,435,1,1,450,260
1,3,45,45,1,1,60,234
1,30,450,450,1,1,465,261
1,31,465,465,1,1,480,262
1,32,480,480,1,1,495,263
1,33,495,495,1,1,510,264
1,34,510,510,1,1,525,265
1,35,525,525,1,1,540,266
1,36,540,540,1,1,555,267
1,37,555,555,1,1,570,268
1,38,570,570,1,1,585,269
1,39,585,585,1,1,600,270
1,4,60,60,1,1,75,235
1,40,600,600,1,1,615,271
1,41,615,615,1,1,630,272
1,42,630,630,1,1,645,273
1,43,645,645,1,1,660,274
1,44,660,660,1,1,675,275
1,45,675,675,1,1,690,276
1,46,690,690,1,1,705,277
1,47,705,705,1,1,720,278
1,48,720,720,1,1,735,279
1,49,735,735,1,1,750,280
1,5,75,75,1,1,90,236
1,50,750,750,1,1,765,281
1,51,765,765,1,1,780,282
1,52,780,780,1,1,795,283
1,53,795,795,1,1,810,284
1,54,810,810,1,1,825,285
1,55,825,825,1,1,840,286
1,56,840,840,1,1,855,287
1,57,855,855,1,1,870,288
1,58,870,870,1,1,885,289
1,59,885,885,1,1,900,290
1,6,90,90,1,1,105,237
1,60,900,900,1,1,915,291
1,61,915,915,1,1,930,292
1,62,930,930,1,1,945,293
1,63,945,945,1,1,960,294
1,64,960,960,1,1,975,295
1,65,975,975,1,1,990,296
1,66,990,990,1,1,1005,297
1,67,1005,1005,1,1,1020,298
1,68,1020,1020,1,1,1035,299
1,69,1035,1035,1,1,1050,300
1,7,105,105,1,1,120,238
1,70,1050,1050,1,1,1065,301
1,71,1065,1065,1,1,1080,302
1,72,1080,1080,1,1,1095,303
1,73,1095,1095,1,1,1110,304
1,74,1110,1110,1,1,1125,305
1,75,1125,1125,1,1,1140,306
1,76,1140,1140,1,1,1155,307
1,77,1155,1155,1,1,1170,308
1,78,1170,1170,1,1,1185,309
1,79,1185,1185,1,1,1200,310
1,8,120,120,1,1,135,239
1,80,1200,1200,1,1,1215,311
1,81,1215,1215,1,1,1230,312
1,82,1230,1230,1,1,1245,313
1,83,1245,1245,1,1,1260,314
1,84,1260,1260,1,1,1275,315
1,85,1275,1275,1,1,1290,316
1,86,1290,1290,1,1,1305,317
1,87,1305,1305,1,1,1320,318
1,88,1320,1320,1,1,1335,319
1,89,1335,1335,1,1,1350,320
1,9,135,135,1,1,150,240
1,90,1350,1350,1,1,1365,321
1,91,1365,1365,1,1,1380,322
1,92,1380,1380,1,1,1395,323
1,93,1395,1395,1,1,1410,324
1,94,1410,1410,1,1,1425,325
1,95,1425,1425,1,1,1440,326
1,96,1440,1440,1,1,1455,327
1,97,1455,1455,1,1,1470,328
1,98,1470,1470,1,1,1485,329
1,99,1485,1485,1,1,1500,330
2,0,0,0,8,12,15,385
2,1,15,15,8,12,30,386
2,10,150,150,8,12,165,395
2,100,1500,1500,8,12,1515,485
2,101,1515,1515,8,12,1530,486
2,102,1530,1530,8,12,1545,487
2,103,1545,1545,8,12,1560,488
2,104,1560,1560,8,12,1575,489
2,105,1575,1575,8,12,1590,490
2,106,1590,1590,8,12,1605,491
2,107,1605,1605,8,12,1620,492
2,108,1620,1620,8,12,1635,493
2,109,1635,1635,8,12,1650,494
2,11,165,165,8,12,180,396
2,110,1650,1650,8,12,1665,495
2,111,1665,1665,8,12,1680,496
2,112,1680,1680,8,12,1695,497
2,113,1695,1695,8,12,1710,498
2,114,1710,1710,8,12,1725,499
2,115,1725,1725,8,12,1740,500
2,116,1740,1740,8,12,1755,501
2,117,1755,1755,8,12,1770,502
2,118,1770,1770,8,12,1785,503
2,119,1785,1785,8,12,1800,504
2,12,180,180,8,12,195,397
2,120,1800,1800,8,12,1815,505
2,121,1815,1815,8,12,1830,506
2,122,1830,1830,8,12,1845,507
2,123,1845,1845,8,12,1860,508
2,124,1860,1860,8,12,1875,509
2,125,1875,1875,8,12,1890,510
2,126,1890,1890,8,12,1905,511
2,127,1905,1905,8,12,1920,512
2,128,1920,1920,8,12,1935,513
2,129,1935,1935,8,12,1950,514
2,13,195,195,8,12,210,398
2,130,1950,1950,8,12,1965,515
2,131,1965,1965,8,12,1980,516
2,132,1980,1980,8,12,1995,517
2,133,1995,1995,8,12,2010,518
2,134,2010,2010,8,12,2025,519
2,135,2025,2025,8,12,2040,520
2,136,2040,2040,8,12,2055,521
2,137,2055,2055,8,12,2070,522
2,138,2070,2070,8,12,2085,523
2,139,2085,2085,8,12,2100,524
2,14,210,210,8,12,225,399
2,140,2100,2100,8,12,2115,525
2,141,2115,2115,8,12,2130,526
2,142,2130,2130,8,12,2145,527
2,143,2145,2145,8,12,2160,528
2,144,2160,2160,8,12,2175,529
2,145,2175,2175,8,12,2190,530
2,146,2190,2190,8,12,2205,531
2,147,2205,2205,8,12,2220,532
2,148,2220,2220,8,12,2235,533
2,149,2235,2235,8,12,2250,534
2,15,225,225,8,12,240,400
2,150,2250,2250,8,12,2265,535
2,151,2265,2265,8,12,2280,536
2,152,2280,2280,8,12,2295,537
2,153,2295,2295,8,12,2310,538
2,16,240,240,8,12,255,401
2,17,255,255,8,12,270,402
2,18,270,270,8,12,285,403
2,19,285,285,8,12,300,404
2,2,30,30,8,12,45,387
2,20,300,300,8,12,315,405
2,21,315,315,8,12,330,406
2,22,330,330,8,12,345,407
2,23,345,345,8,12,360,408
2,24,360,360,8,12,375,409
2,25,375,375,8,12,390,410
2,26,390,390,8,12,405,411
2,27,405,405,8,12,420,412
2,28,420,420,8,12,435,413
2,29,435,435,8,12,450,414
2,3,45,45,8,12,60,388
2,30,450,450,8,12,465,415
2,31,465,465,8,12,480,416
2,32,480,480,8,12,495,417
2,33,495,495,8,12,510,418
2,34,510,510,8,12,525,419
2,35,525,525,8,12,540,420
2,36,540,540,8,12,555,421
2,37,555,555,8,12,570,422
2,38,570,570,8,12,585,423
2,39,585,585,8,12,600,424
2,4,60,60,8,12,75,389
2,40,600,600,8,12,615,425
2,41,615,615,8,12,630,426
2,42,630,630,8,12,645,427
2,43,645,645,8,12,660,428
2,44,660,660,8,12,675,429
2,45,675,675,8,12,690,430
2,46,690,690,8,12,705,431
2,47,705,705,8,12,720,432
2,48,720,720,8,12,735,433
2,49,735,735,8,12,750,434
2,5,75,75,8,12,90,390
2,50,750,750,8,12,765,435
2,51,765,765,8,12,780,436
2,52,780,780,8,12,795,437
2,53,795,795,8,12,810,438
2,54,810,810,8,12,825,439
2,55,825,825,8,12,840,440
2,56,840,840,8,12,855,441
2,57,855,855,8,12,870,442
2,58,870,870,8,12,885,443
2,59,885,885,8,12,900,444
2,6,90,90,8,12,105,391
2,60,900,900,8,12,915,445
2,61,915,915,8,12,930,446
2,62,930,930,8,12,945,447
2,63,945,945,8,12,960,448
2,64,960,960,8,12,975,449
2,65,975,975,8,12,990,450
2,66,990,990,8,12,1005,451
2,67,1005,1005,8,12,1020,452
2,68,1020,1020,8,12,1035,453
2,69,1035,1035,8,12,1050,454
2,7,105,105,8,12,120,392
2,70,1050,1050,8,12,1065,455
2,71,1065,1065,8,12,1080,456
2,72,1080,1080,8,12,1095,457
2,73,1095,1095,8,12,1110,458
2,74,1110,1110,8,12,1125,459
2,75,1125,1125,8,12,1140,460
2,76,1140,1140,8,12,1155,461
2,77,1155,1155,8,12,1170,462
2,78,1170,1170,8,12,1185,463
2,79,1185,1185,8,12,1200,464
2,8,120,120,8,12,135,393
2,80,1200,1200,8,12,1215,465
2,81,1215,1215,8,12,1230,466
2,82,1230,1230,8,12,1245,467
2,83,1245,1245,8,12,1260,468
2,84,1260,1260,8,12,1275,469
2,85,1275,1275,8,12,1290,470
2,86,1290,1290,8,12,1305,471
2,87,1305,1305,8,12,1320,472
2,88,1320,1320,8,12,1335,473
2,89,1335,1335,8,12,1350,474
2,9,135,135,8,12,150,394
2,90,1350,1350,8,12,1365,475
2,91,1365,1365,8,12,1380,476
2,92,1380,1380,8,12,1395,477
2,93,1395,1395,8,12,1410,478
2,94,1410,1410,8,12,1425,479
2,95,1425,1425,8,12,1440,480
2,96,1440,1440,8,12,1455,481
2,97,1455,1455,8,12,1470,482
2,98,1470,1470,8,12,1485,483
2,99,1485,1485,8,12,1500,484
3,0,0,0,2,2,15,539
3,1,15,15,2,2,30,540
3,10,150,150,2,2,165,549
3,100,1500,1500,2,2,1515,639
3,101,1515,1515,2,2,1530,640
3,102,1530,1530,2,2,1545,641
3,103,1545,1545,2,2,1560,642
3,104,1560,1560,2,2,1575,643
3,105,1575,1575,2,2,1590,644
3,106,1590,1590,2,2,1605,645
3,107,1605,1605,2,2,1620,646
3,108,1620,1620,2,2,1635,647
3,109,1635,1635,2,2,1650,648
3,11,165,165,2,2,180,550
3,110,1650,1650,2,2,1665,649
3,111,1665,1665,2,2,1680,650
3,112,1680,1680,2,2,1695,651
3,113,1695,1695,2,2,1710,652
3,114,1710,1710,2,2,1725,653
3,115,1725,1725,2,2,1740,654
3,116,1740,1740,2,2,1755,655
3,117,1755,1755,2,2,1770,656
3,118,1770,1770,2,2,1785,657
3,119,1785,1785,2,2,1800,658
3,12,180,180,2,2,195,551
3,120,1800,1800,2,2,1815,659
3,121,1815,1815,2,2,1830,660
3,122,1830,1830,2,2,1845,661
3,123,1845,1845,2,2,1860,662
3,124,1860,1860,2,2,1875,663
3,125,1875,1875,2,2,1890,664
3,126,1890,1890,2,2,1905,665
3,127,1905,1905,2,2,1920,666
3,128,1920,1920,2,2,1935,667
3,129,1935,1935,2,2,1950,668
3,13,195,195,2,2,210,552
3,130,1950,1950,2,2,1965,669
3,131,1965,1965,2,2,1980,670
3,132,1980,1980,2,2,1995,671
3,133,1995,1995,2,2,2010,672
3,134,2010,2010,2,2,2025,673
3,135,2025,2025,2,2,2040,674
3,136,2040,2040,2,2,2055,675
3,137,2055,2055,2,2,2070,676
3,138,2070,2070,2,2,2085,677
3,139,2085,2085,2,2,2100,678
3,14,210,210,2,2,225,553
3,140,2100,2100,2,2,2115,679
3,141,2115,2115,2,2,2130,680
3,142,2130,2130,2,2,2145,681
3,143,2145,2145,2,2,2160,682
3,144,2160,2160,2,2,2175,683
3,145,2175,2175,2,2,2190,684
3,146,2190,2190,2,2,2205,685
3,147,2205,2205,2,2,2220,686
3,148,2220,2220,2,2,2235,687
3,149,2235,2235,2,2,2250,688
3,15,225,225,2,2,240,554
3,150,2250,2250,2,2,2265,689
3,151,2265,2265,2,2,2280,690
3,152,2280,2280,2,2,2295,691
3,153,2295,2295,2,2,2310,692
3,16,240,240,2,2,255,555
3,17,255,255,2,2,270,556
3,18,270,270,2,2,285,557
3,19,285,285,2,2,300,558
3,2,30,30,2,2,45,541
3,20,300,300,2,2,315,559
3,21,315,315,2,2,330,560
3,22,330,330,2,2,345,561
3,23,345,345,2,2,360,562
3,24,360,360,2,2,375,563
3,25,375,375,2,2,390,564
3,26,390,390,2,2,405,565
3,27,405,405,2,2,420,566
3,28,420,420,2,2,435,567
3,29,435,435,2,2,450,568
3,3,45,45,2,2,60,542
3,30,450,450,2,2,465,569
3,31,465,465,2,2,480,570
3,32,480,480,2,2,495,571
3,33,495,495,2,2,510,572
3,34,510,510,2,2,525,573
3,35,525,525,2,2,540,574
3,36,540,540,2,2,555,575
3,37,555,555,2,2,570,576
3,38,570,570,2,2,585,577
3,39,585,585,2,2,600,578
3,4,60,60,2,2,75,543
3,40,600,600,2,2,615,579
3,41,615,615,2,2,630,580
3,42,630,630,2,2,645,581
3,43,645,645,2,2,660,582
3,44,660,660,2,2,675,583
3,45,675,675,2,2,690,584
3,46,690,690,2,2,705,585
3,47,705,705,2,2,720,586
3,48,720,720,2,2,735,587
3,49,735,735,2,2,750,588
3,5,75,75,2,2,90,544
3,50,750,750,2,2,765,589
3,51,765,765,2,2,780,590
3,52,780,780,2,2,795,591
3,53,795,795,2,2,810,592
3,54,810,810,2,2,825,593
3,55,825,825,2,2,840,594
3,56,840,840,2,2,855,595
3,57,855,855,2,2,870,596
3,58,870,870,2,2,885,597
3,59,885,885,2,2,900,598
3,6,90,90,2,2,105,545
3,60,900,900,2,2,915,599
3,61,915,915,2,2,930,600
3,62,930,930,2,2,945,601
3,63,945,945,2,2,960,602
3,64,960,960,2,2,975,603
3,65,975,975,2,2,990,604
3,66,990,990,2,2,1005,605
3,67,1005,1005,2,2,1020,606
3,68,1020,1020,2,2,1035,607
3,69,1035,1035,2,2,1050,608
3,7,105,105,2,2,120,546
3,70,1050,1050,2,2,1065,609
3,71,1065,1065,2,2,1080,610
3,72,1080,1080,2,2,1095,611
3,73,1095,1095,2,2,1110,612
3,74,1110,1110,2,2,1125,613
3,75,1125,1125,2,2,1140,614
3,76,1140,1140,2,2,1155,615
3,77,1155,1155,2,2,1170,616
3,78,1170,1170,2,2,1185,617
3,79,1185,1185,2,2,1200,618
3,8,120,120,2,2,135,547
3,80,1200,1200,2,2,1215,619
3,81,1215,1215,2,2,1230,620
3,82,1230,1230,2,2,1245,621
3,83,1245,1245,2,2,1260,622
3,84,1260,1260,2,2,1275,623
3,85,1275,1275,2,2,1290,624
3,86,1290,1290,2,2,1305,625
3,87,1305,1305,2,2,1320,626
3,88,1320,1320,2,2,1335,627
3,89,1335,1335,2,2,1350,628
3,9,135,135,2,2,150,548
3,90,1350,1350,2,2,1365,629
3,91,1365,1365,2,2,1380,630
3,92,1380,1380,2,2,1395,631
3,93,1395,1395,2,2,1410,632
3,94,1410,1410,2,2,1425,633
3,95,1425,1425,2,2,1440,634
3,96,1440,1440,2,2,1455,635
3,97,1455,1455,2,2,1470,636
3,98,1470,1470,2,2,1485,637
3,99,1485,1485,2,2,1500,638
4,0,0,1,9,15,30,693
4,1,30,31,9,15,60,694
4,10,300,301,9,15,330,703
4,11,330,331,9,15,360,704
4,12,360,361,9,15,390,705
4,13,390,391,9,15,420,706
4,14,420,421,9,15,450,707
4,15,450,451,9,15,480,708
4,16,480,481,9,15,510,709
4,17,510,511,9,15,540,710
4,18,540,541,9,15,570,711
4,19,570,571,9,15,600,712
4,2,60,61,9,15,90,695
4,20,600,601,9,15,630,713
4,21,630,631,9,15,660,714
4,22,660,661,9,15,690,715
4,23,690,691,9,15,720,716
4,24,720,721,9,15,750,717
4,25,750,751,9,15,780,718
4,26,780,781,9,15,810,719
4,27,810,811,9,15,840,720
4,28,840,841,9,15,870,721
4,29,870,871,9,15,900,722
4,3,90,91,9,15,120,696
4,30,900,901,9,15,930,723
4,31,930,931,9,15,960,724
4,32,960,961,9,15,990,725
4,33,990,991,9,15,1020,726
4,34,1020,1021,9,15,1050,727
4,35,1050,1051,9,15,1080,728
4,36,1080,1081,9,15,1110,729
4,37,1110,1111,9,15,1140,730
4,38,1140,1141,9,15,1170,731
4,39,1170,1171,9,15,1200,732
4,4,120,121,9,15,150,697
4,40,1200,1201,9,15,1230,733
4,41,1230,1231,9,15,1260,734
4,42,1260,1261,9,15,1290,735
4,43,1290,1291,9,15,1320,736
4,44,1320,1321,9,15,1350,737
4,45,1350,1351,9,15,1380,738
4,46,1380,1381,9,15,1410,739
4,47,1410,1411,9,15,1440,740
4,48,1440,1441,9,15,1470,741
4,49,1470,1471,9,15,1500,742
4,5,150,151,9,15,180,698
4,50,1500,1501,9,15,1530,743
4,51,1530,1531,9,15,1560,744
4,52,1560,1561,9,15,1590,745
4,53,1590,1591,9,15,1620,746
4,54,1620,1621,9,15,1650,747
4,55,1650,1651,9,15,1680,748
4,56,1680,1681,9,15,1710,749
4,57,1710,1711,9,15,1740,750
4,58,1740,1741,9,15,1770,751
4,59,1770,1771,9,15,1800,752
4,6,180,181,9,15,210,699
4,60,1800,1801,9,15,1830,753
4,61,1830,1831,9,15,1860,754
4,62,1860,1861,9,15,1890,755
4,63,1890,1891,9,15,1920,756
4,64,1920,1921,9,15,1950,757
4,65,1950,1951,9,15,1980,758
4,66,1980,1981,9,15,2010,759
4,67,2010,2011,9,15,2040,760
4,68,2040,2041,9,15,2070,761
4,69,2070,2071,9,15,2100,762
4,7,210,211,9,15,240,700
4,70,2100,2101,9,15,2130,763
4,71,2130,2131,9,15,2160,764
4,72,2160,2161,9,15,2190,765
4,73,2190,2191,9,15,2220,766
4,74,2220,2221,9,15,2250,767
4,75,2250,2251,9,15,2280,768
4,76,2280,2281,9,15,2310,769
4,8,240,241,9,15,270,701
4,9,270,271,9,15,300,702
5,0,0,1,2,2,35,770
5,1,35,36,2,2,70,771
5,10,350,351,2,2,385,780
5,11,385,386,2,2,420,781
5,12,420,421,2,2,455,782
5,13,455,456,2,2,490,783
5,14,490,491,2,2,525,784
5,15,525,526,2,2,560,785
5,16,560,561,2,2,595,786
5,17,595,596,2,2,630,787
5,18,630,631,2,2,665,788
5,19,665,666,2,2,700,789
5,2,70,71,2,2,105,772
5,20,700,701,2,2,735,790
5,21,735,736,2,2,770,791
5,22,770,771,2,2,805,792
5,23,805,806,2,2,840,793
5,24,840,841,2,2,875,794
5,25,875,876,2,2,910,795
5,26,910,911,2,2,945,796
5,27,945,946,2,2,980,797
5,28,980,981,2,2,1015,798
5,29,1015,1016,2,2,1050,799
5,3,105,106,2,2,140,773
5,30,1050,1051,2,2,1085,800
5,31,1085,1086,2,2,1120,801
5,32,1120,1121,2,2,1155,802
5,33,1155,1156,2,2,1190,803
5,34,1190,1191,2,2,1225,804
5,35,1225,1226,2,2,1260,805
5,36,1260,1261,2,2,1295,806
5,37,1295,1296,2,2,1330,807
5,38,1330,1331,2,2,1365,808
5,39,1365,1366,2,2,1400,809
5,4,140,141,2,2,175,774
5,40,1400,1401,2,2,1435,810
5,41,1435,1436,2,2,1470,811
5,42,1470,1471,2,2,1505,812
5,43,1505,1506,2,2,1540,813
5,44,1540,1541,2,2,1575,814
5,45,1575,1576,2,2,1610,815
5,46,1610,1611,2,2,1645,816
5,47,1645,1646,2,2,1680,817
5,48,1680,1681,2,2,1715,818
5,49,1715,1716,2,2,1750,819
5,5,175,176,2,2,210,775
5,50,1750,1751,2,2,1785,820
5,51,1785,1786,2,2,1820,821
5,52,1820,1821,2,2,1855,822
5,53,1855,1856,2,2,1890,823
5,54,1890,1891,2,2,1925,824
5,55,1925,1926,2,2,1960,825
5,56,1960,1961,2,2,1995,826
5,57,1995,1996,2,2,2030,827
5,58,2030,2031,2,2,2065,828
5,59,2065,2066,2,2,2100,829
5,6,210,211,2,2,245,776
5,60,2100,2101,2,2,2135,830
5,61,2135,2136,2,2,2170,831
5,62,2170,2171,2,2,2205,832
5,63,2205,2206,2,2,2240,833
5,64,2240,2241,2,2,2275,834
5,65,2275,2276,2,2,2310,835
5,7,245,246,2,2,280,777
5,8,280,281,2,2,315,778
5,9,315,316,2,2,350,779
6,0,0,1,6,10,35,836
6,1,35,36,6,10,70,837
6,10,350,351,6,10,385,846
6,11,385,386,6,10,420,847
6,12,420,421,6,10,455,848
6,13,455,456,6,10,490,849
6,14,490,491,6,10,525,850
6,15,525,526,6,10,560,851
6,16,560,561,6,10,595,852
6,17,595,596,6,10,630,853
6,18,630,631,6,10,665,854
6,19,665,666,6,10,700,855
6,2,70,71,6,10,105,838
6,20,700,701,6,10,735,856
6,21,735,736,6,10,770,857
6,22,770,771,6,10,805,858
6,23,805,806,6,10,840,859
6,24,840,841,6,10,875,860
6,25,875,876,6,10,910,861
6,26,910,911,6,10,945,862
6,27,945,946,6,10,980,863
6,28,980,981,6,10,1015,864
6,29,1015,1016,6,10,1050,865
6,3,105,106,6,10,140,839
6,30,1050,1051,6,10,1085,866
6,31,1085,1086,6,10,1120,867
6,32,1120,1121,6,10,1155,868
6,33,1155,1156,6,10,1190,869
6,34,1190,1191,6,10,1225,870
6,35,1225,1226,6,10,1260,871
6,36,1260,1261,6,10,1295,872
6,37,1295,1296,6,10,1330,873
6,38,1330,1331,6,10,1365,874
6,39,1365,1366,6,10,1400,875
6,4,140,141,6,10,175,840
6,40,1400,1401,6,10,1435,876
6,41,1435,1436,6,10,1470,877
6,42,1470,1471,6,10,1505,878
6,43,1505,1506,6,10,1540,879
6,44,1540,1541,6,10,1575,880
6,45,1575,1576,6,10,1610,881
6,46,1610,1611,6,10,1645,882
6,47,1645,1646,6,10,1680,883
6,48,1680,1681,6,10,1715,884
6,49,1715,1716,6,10,1750,885
6,5,175,176,6,10,210,841
6,50,1750,1751,6,10,1785,886
6,51,1785,1786,6,10,1820,887
6,52,1820,1821,6,10,1855,888
6,53,1855,1856,6,10,1890,889
6,54,1890,1891,6,10,1925,890
6,55,1925,1926,6,10,1960,891
6,56,1960,1961,6,10,1995,892
6,57,1995,1996,6,10,2030,893
6,58,2030,2031,6,10,2065,894
6,59,2065,2066,6,10,2100,895
6,6,210,211,6,10,245,842
6,60,2100,2101,6,10,2135,896
6,61,2135,2136,6,10,2170,897
6,62,2170,2171,6,10,2205,898
6,63,2205,2206,6,10,2240,899
6,64,2240,2241,6,10,2275,900
6,65,2275,2276,6,10,2310,901
6,7,245,246,6,10,280,843
6,8,280,281,6,10,315,844
6,9,315,316,6,10,350,845
7,0,0,2,6,9,55,902
7,1,55,57,6,9,110,903
7,10,550,552,6,9,605,912
7,11,605,607,6,9,660,913
7,12,660,662,6,9,715,914
7,13,715,717,6,9,770,915
7,14,770,772,6,9,825,916
7,15,825,827,6,9,880,917
7,16,880,882,6,9,935,918
7,17,935,937,6,9,990,919
7,18,990,992,6,9,1045,920
7,19,1045,1047,6,9,1100,921
7,2,110,112,6,9,165,904
7,20,1100,1102,6,9,1155,922
7,21,1155,1157,6,9,1210,923
7,22,1210,1212,6,9,1265,924
7,23,1265,1267,6,9,1320,925
7,24,1320,1322,6,9,1375,926
7,25,1375,1377,6,9,1430,927
7,26,1430,1432,6,9,1485,928
7,27,1485,1487,6,9,1540,929
7,28,1540,1542,6,9,1595,930
7,29,1595,1597,6,9,1650,931
7,3,165,167,6,9,220,905
7,30,1650,1652,6,9,1705,932
7,31,1705,1707,6,9,1760,933
7,32,1760,1762,6,9,1815,934
7,33,1815,1817,6,9,1870,935
7,34,1870,1872,6,9,1925,936
7,35,1925,1927,6,9,1980,937
7,36,1980,1982,6,9,2035,938
7,37,2035,2037,6,9,2090,939
7,38,2090,2092,6,9,2145,940
7,39,2145,2147,6,9,2200,941
7,4,220,222,6,9,275,906
7,40,2200,2202,6,9,2255,942
7,41,2255,2257,6,9,2310,943
7,5,275,277,6,9,330,907
7,6,330,332,6,9,385,908
7,7,385,387,6,9,440,909
7,8,440,442,6,9,495,910
7,9,495,497,6,9,550,911
