Task ID, Job ID, BCCT, WCCT, BCRT, WCRT
0, 0, 15, 78, 15, 78
0, 1, 115, 199, 15, 99
0, 10, 1015, 1029, 15, 29
0, 100, 10015, 10078, 15, 78
0, 101, 10115, 10199, 15, 99
0, 102, 10215, 10270, 15, 70
0, 103, 10315, 10370, 15, 70
0, 104, 10415, 10470, 15, 70
0, 105, 10515, 10570, 15, 70
0, 106, 10615, 10629, 15, 29
0, 107, 10715, 10729, 15, 29
0, 108, 10815, 10829, 15, 29
0, 109, 10915, 10929, 15, 29
0, 11, 1115, 1129, 15, 29
0, 110, 11015, 11029, 15, 29
0, 111, 11115, 11129, 15, 29
0, 112, 11215, 11229, 15, 29
0, 113, 11315, 11329, 15, 29
0, 114, 11415, 11429, 15, 29
0, 115, 11515, 11529, 15, 29
0, 116, 11615, 11629, 15, 29
0, 117, 11715, 11729, 15, 29
0, 118, 11815, 11829, 15, 29
0, 119, 11915, 11929, 15, 29
0, 12, 1215, 1229, 15, 29
0, 120, 12015, 12078, 15, 78
0, 121, 12115, 12129, 15, 29
0, 122, 12215, 12229, 15, 29
0, 123, 12315, 12329, 15, 29
0, 124, 12415, 12429, 15, 29
0, 125, 12515, 12529, 15, 29
0, 126, 12615, 12629, 15, 29
0, 127, 12715, 12729, 15, 29
0, 128, 12815, 12829, 15, 29
0, 129, 12915, 12929, 15, 29
0, 13, 1315, 1329, 15, 29
0, 130, 13015, 13029, 15, 29
0, 131, 13115, 13129, 15, 29
0, 132, 13215, 13229, 15, 29
0, 133, 13315, 13329, 15, 29
0, 134, 13415, 13429, 15, 29
0, 135, 13515, 13529, 15, 29
0, 136, 13615, 13629, 15, 29
0, 137, 13715, 13729, 15, 29
0, 138, 13815, 13829, 15, 29
0, 139, 13915, 13929, 15, 29
0, 14, 1415, 1429, 15, 29
0, 140, 14015, 14078, 15, 78
0, 141, 14115, 14129, 15, 29
0, 142, 14215, 14229, 15, 29
0, 143, 14315, 14329, 15, 29
0, 144, 14415, 14429, 15, 29
0, 145, 14515, 14529, 15, 29
0, 146, 14615, 14629, 15, 29
0, 147, 14715, 14729, 15, 29
0, 148, 14815, 14829, 15, 29
0, 149, 14915, 14929, 15, 29
0, 15, 1515, 1529, 15, 29
0, 150, 15015, 15049, 15, 49
0, 151, 15115, 15129, 15, 29
0, 152, 15215, 15229, 15, 29
0, 153, 15315, 15329, 15, 29
0, 154, 15415, 15429, 15, 29
0, 155, 15515, 15529, 15, 29
0, 156, 15615, 15629, 15, 29
0, 157, 15715, 15729, 15, 29
0, 158, 15815, 15829, 15, 29
0, 159, 15915, 15929, 15, 29
0, 16, 1615, 1629, 15, 29
0, 160, 16015, 16078, 15, 78
0, 161, 16115, 16129, 15, 29
0, 162, 16215, 16229, 15, 29
0, 163, 16315, 16329, 15, 29
0, 164, 16415, 16429, 15, 29
0, 165, 16515, 16529, 15, 29
0, 166, 16615, 16629, 15, 29
0, 167, 16715, 16729, 15, 29
0, 168, 16815, 16829, 15, 29
0, 169, 16915, 16929, 15, 29
0, 17, 1715, 1729, 15, 29
0, 170, 17015, 17029, 15, 29
0, 171, 17115, 17129, 15, 29
0, 172, 17215, 17229, 15, 29
0, 173, 17315, 17329, 15, 29
0, 174, 17415, 17429, 15, 29
0, 175, 17515, 17529, 15, 29
0, 176, 17615, 17629, 15, 29
0, 177, 17715, 17729, 15, 29
0, 178, 17815, 17829, 15, 29
0, 179, 17915, 17929, 15, 29
0, 18, 1815, 1829, 15, 29
0, 180, 18015, 18078, 15, 78
0, 181, 18115, 18129, 15, 29
0, 182, 18215, 18229, 15, 29
0, 183, 18315, 18329, 15, 29
0, 184, 18415, 18429, 15, 29
0, 185, 18515, 18529, 15, 29
0, 186, 18615, 18629, 15, 29
0, 187, 18715, 18729, 15, 29
0, 188, 18815, 18829, 15, 29
0, 189, 18915, 18929, 15, 29
0, 19, 1915, 1929, 15, 29
0, 190, 19015, 19029, 15, 29
0, 191, 19115, 19129, 15, 29
0, 192, 19215, 19229, 15, 29
0, 193, 19315, 19329, 15, 29
0, 194, 19415, 19429, 15, 29
0, 195, 19515, 19529, 15, 29
0, 196, 19615, 19629, 15, 29
0, 197, 19715, 19729, 15, 29
0, 198, 19815, 19829, 15, 29
0, 199, 19915, 19929, 15, 29
0, 2, 215, 270, 15, 70
0, 20, 2015, 2078, 15, 78
0, 200, 20015, 20078, 15, 78
0, 201, 20115, 20199, 15, 99
0, 202, 20215, 20270, 15, 70
0, 203, 20315, 20370, 15, 70
0, 204, 20415, 20470, 15, 70
0, 205, 20515, 20570, 15, 70
0, 206, 20615, 20629, 15, 29
0, 207, 20715, 20729, 15, 29
0, 208, 20815, 20829, 15, 29
0, 209, 20915, 20929, 15, 29
0, 21, 2115, 2129, 15, 29
0, 210, 21015, 21029, 15, 29
0, 211, 21115, 21129, 15, 29
0, 212, 21215, 21229, 15, 29
0, 213, 21315, 21329, 15, 29
0, 214, 21415, 21429, 15, 29
0, 215, 21515, 21529, 15, 29
0, 216, 21615, 21629, 15, 29
0, 217, 21715, 21729, 15, 29
0, 218, 21815, 21829, 15, 29
0, 219, 21915, 21929, 15, 29
0, 22, 2215, 2229, 15, 29
0, 220, 22015, 22078, 15, 78
0, 221, 22115, 22129, 15, 29
0, 222, 22215, 22229, 15, 29
0, 223, 22315, 22329, 15, 29
0, 224, 22415, 22429, 15, 29
0, 225, 22515, 22529, 15, 29
0, 226, 22615, 22629, 15, 29
0, 227, 22715, 22729, 15, 29
0, 228, 22815, 22829, 15, 29
0, 229, 22915, 22929, 15, 29
0, 23, 2315, 2329, 15, 29
0, 230, 23015, 23029, 15, 29
0, 231, 23115, 23129, 15, 29
0, 232, 23215, 23229, 15, 29
0, 233, 23315, 23329, 15, 29
0, 234, 23415, 23429, 15, 29
0, 235, 23515, 23529, 15, 29
0, 236, 23615, 23629, 15, 29
0, 237, 23715, 23729, 15, 29
0, 238, 23815, 23829, 15, 29
0, 239, 23915, 23929, 15, 29
0, 24, 2415, 2429, 15, 29
0, 240, 24015, 24078, 15, 78
0, 241, 24115, 24129, 15, 29
0, 242, 24215, 24229, 15, 29
0, 243, 24315, 24329, 15, 29
0, 244, 24415, 24429, 15, 29
0, 245, 24515, 24529, 15, 29
0, 246, 24615, 24629, 15, 29
0, 247, 24715, 24729, 15, 29
0, 248, 24815, 24829, 15, 29
0, 249, 24915, 24929, 15, 29
0, 25, 2515, 2529, 15, 29
0, 250, 25015, 25049, 15, 49
0, 251, 25115, 25129, 15, 29
0, 252, 25215, 25229, 15, 29
0, 253, 25315, 25329, 15, 29
0, 254, 25415, 25429, 15, 29
0, 255, 25515, 25529, 15, 29
0, 256, 25615, 25629, 15, 29
0, 257, 25715, 25729, 15, 29
0, 258, 25815, 25829, 15, 29
0, 259, 25915, 25929, 15, 29
0, 26, 2615, 2629, 15, 29
0, 260, 26015, 26078, 15, 78
0, 261, 26115, 26129, 15, 29
0, 262, 26215, 26229, 15, 29
0, 263, 26315, 26329, 15, 29
0, 264, 26415, 26429, 15, 29
0, 265, 26515, 26529, 15, 29
0, 266, 26615, 26629, 15, 29
0, 267, 26715, 26729, 15, 29
0, 268, 26815, 26829, 15, 29
0, 269, 26915, 26929, 15, 29
0, 27, 2715, 2729, 15, 29
0, 270, 27015, 27029, 15, 29
0, 271, 27115, 27129, 15, 29
0, 272, 27215, 27229, 15, 29
0, 273, 27315, 27329, 15, 29
0, 274, 27415, 27429, 15, 29
0, 275, 27515, 27529, 15, 29
0, 276, 27615, 27629, 15, 29
0, 277, 27715, 27729, 15, 29
0, 278, 27815, 27829, 15, 29
0, 279, 27915, 27929, 15, 29
0, 28, 2815, 2829, 15, 29
0, 280, 28015, 28078, 15, 78
0, 281, 28115, 28129, 15, 29
0, 282, 28215, 28229, 15, 29
0, 283, 28315, 28329, 15, 29
0, 284, 28415, 28429, 15, 29
0, 285, 28515, 28529, 15, 29
0, 286, 28615, 28629, 15, 29
0, 287, 28715, 28729, 15, 29
0, 288, 28815, 28829, 15, 29
0, 289, 28915, 28929, 15, 29
0, 29, 2915, 2929, 15, 29
0, 290, 29015, 29029, 15, 29
0, 291, 29115, 29129, 15, 29
0, 292, 29215, 29229, 15, 29
0, 293, 29315, 29329, 15, 29
0, 294, 29415, 29429, 15, 29
0, 295, 29515, 29529, 15, 29
0, 296, 29615, 29629, 15, 29
0, 297, 29715, 29729, 15, 29
0, 298, 29815, 29829, 15, 29
0, 299, 29915, 29929, 15, 29
0, 3, 315, 370, 15, 70
0, 30, 3015, 3029, 15, 29
0, 300, 30015, 30078, 15, 78
0, 301, 30115, 30199, 15, 99
0, 302, 30215, 30270, 15, 70
0, 303, 30315, 30370, 15, 70
0, 304, 30415, 30470, 15, 70
0, 305, 30515, 30570, 15, 70
0, 306, 30615, 30629, 15, 29
0, 307, 30715, 30729, 15, 29
0, 308, 30815, 30829, 15, 29
0, 309, 30915, 30929, 15, 29
0, 31, 3115, 3129, 15, 29
0, 310, 31015, 31029, 15, 29
0, 311, 31115, 31129, 15, 29
0, 312, 31215, 31229, 15, 29
0, 313, 31315, 31329, 15, 29
0, 314, 31415, 31429, 15, 29
0, 315, 31515, 31529, 15, 29
0, 316, 31615, 31629, 15, 29
0, 317, 31715, 31729, 15, 29
0, 318, 31815, 31829, 15, 29
0, 319, 31915, 31929, 15, 29
0, 32, 3215, 3229, 15, 29
0, 320, 32015, 32078, 15, 78
0, 321, 32115, 32129, 15, 29
0, 322, 32215, 32229, 15, 29
0, 323, 32315, 32329, 15, 29
0, 324, 32415, 32429, 15, 29
0, 325, 32515, 32529, 15, 29
0, 326, 32615, 32629, 15, 29
0, 327, 32715, 32729, 15, 29
0, 328, 32815, 32829, 15, 29
0, 329, 32915, 32929, 15, 29
0, 33, 3315, 3329, 15, 29
0, 330, 33015, 33029, 15, 29
0, 331, 33115, 33129, 15, 29
0, 332, 33215, 33229, 15, 29
0, 333, 33315, 33329, 15, 29
0, 334, 33415, 33429, 15, 29
0, 335, 33515, 33529, 15, 29
0, 336, 33615, 33629, 15, 29
0, 337, 33715, 33729, 15, 29
0, 338, 33815, 33829, 15, 29
0, 339, 33915, 33929, 15, 29
0, 34, 3415, 3429, 15, 29
0, 340, 34015, 34078, 15, 78
0, 341, 34115, 34129, 15, 29
0, 342, 34215, 34229, 15, 29
0, 343, 34315, 34329, 15, 29
0, 344, 34415, 34429, 15, 29
0, 345, 34515, 34529, 15, 29
0, 346, 34615, 34629, 15, 29
0, 347, 34715, 34729, 15, 29
0, 348, 34815, 34829, 15, 29
0, 349, 34915, 34929, 15, 29
0, 35, 3515, 3529, 15, 29
0, 350, 35015, 35049, 15, 49
0, 351, 35115, 35129, 15, 29
0, 352, 35215, 35229, 15, 29
0, 353, 35315, 35329, 15, 29
0, 354, 35415, 35429, 15, 29
0, 355, 35515, 35529, 15, 29
0, 356, 35615, 35629, 15, 29
0, 357, 35715, 35729, 15, 29
0, 358, 35815, 35829, 15, 29
0, 359, 35915, 35929, 15, 29
0, 36, 3615, 3629, 15, 29
0, 360, 36015, 36078, 15, 78
0, 361, 36115, 36129, 15, 29
0, 362, 36215, 36229, 15, 29
0, 363, 36315, 36329, 15, 29
0, 364, 36415, 36429, 15, 29
0, 365, 36515, 36529, 15, 29
0, 366, 36615, 36629, 15, 29
0, 367, 36715, 36729, 15, 29
0, 368, 36815, 36829, 15, 29
0, 369, 36915, 36929, 15, 29
0, 37, 3715, 3729, 15, 29
0, 370, 37015, 37029, 15, 29
0, 371, 37115, 37129, 15, 29
0, 372, 37215, 37229, 15, 29
0, 373, 37315, 37329, 15, 29
0, 374, 37415, 37429, 15, 29
0, 375, 37515, 37529, 15, 29
0, 376, 37615, 37629, 15, 29
0, 377, 37715, 37729, 15, 29
0, 378, 37815, 37829, 15, 29
0, 379, 37915, 37929, 15, 29
0, 38, 3815, 3829, 15, 29
0, 380, 38015, 38078, 15, 78
0, 381, 38115, 38129, 15, 29
0, 382, 38215, 38229, 15, 29
0, 383, 38315, 38329, 15, 29
0, 384, 38415, 38429, 15, 29
0, 385, 38515, 38529, 15, 29
0, 386, 38615, 38629, 15, 29
0, 387, 38715, 38729, 15, 29
0, 388, 38815, 38829, 15, 29
0, 389, 38915, 38929, 15, 29
0, 39, 3915, 3929, 15, 29
0, 390, 39015, 39029, 15, 29
0, 391, 39115, 39129, 15, 29
0, 392, 39215, 39229, 15, 29
0, 393, 39315, 39329, 15, 29
0, 394, 39415, 39429, 15, 29
0, 395, 39515, 39529, 15, 29
0, 396, 39615, 39629, 15, 29
0, 397, 39715, 39729, 15, 29
0, 398, 39815, 39829, 15, 29
0, 399, 39915, 39929, 15, 29
0, 4, 415, 470, 15, 70
0, 40, 4015, 4078, 15, 78
0, 400, 40015, 40078, 15, 78
0, 401, 40115, 40199, 15, 99
0, 402, 40215, 40270, 15, 70
0, 403, 40315, 40370, 15, 70
0, 404, 40415, 40470, 15, 70
0, 405, 40515, 40570, 15, 70
0, 406, 40615, 40629, 15, 29
0, 407, 40715, 40729, 15, 29
0, 408, 40815, 40829, 15, 29
0, 409, 40915, 40929, 15, 29
0, 41, 4115, 4129, 15, 29
0, 410, 41015, 41029, 15, 29
0, 411, 41115, 41129, 15, 29
0, 412, 41215, 41229, 15, 29
0, 413, 41315, 41329, 15, 29
0, 414, 41415, 41429, 15, 29
0, 415, 41515, 41529, 15, 29
0, 416, 41615, 41629, 15, 29
0, 417, 41715, 41729, 15, 29
0, 418, 41815, 41829, 15, 29
0, 419, 41915, 41929, 15, 29
0, 42, 4215, 4229, 15, 29
0, 420, 42015, 42078, 15, 78
0, 421, 42115, 42129, 15, 29
0, 422, 42215, 42229, 15, 29
0, 423, 42315, 42329, 15, 29
0, 424, 42415, 42429, 15, 29
0, 425, 42515, 42529, 15, 29
0, 426, 42615, 42629, 15, 29
0, 427, 42715, 42729, 15, 29
0, 428, 42815, 42829, 15, 29
0, 429, 42915, 42929, 15, 29
0, 43, 4315, 4329, 15, 29
0, 430, 43015, 43029, 15, 29
0, 431, 43115, 43129, 15, 29
0, 432, 43215, 43229, 15, 29
0, 433, 43315, 43329, 15, 29
0, 434, 43415, 43429, 15, 29
0, 435, 43515, 43529, 15, 29
0, 436, 43615, 43629, 15, 29
0, 437, 43715, 43729, 15, 29
0, 438, 43815, 43829, 15, 29
0, 439, 43915, 43929, 15, 29
0, 44, 4415, 4429, 15, 29
0, 440, 44015, 44078, 15, 78
0, 441, 44115, 44129, 15, 29
0, 442, 44215, 44229, 15, 29
0, 443, 44315, 44329, 15, 29
0, 444, 44415, 44429, 15, 29
0, 445, 44515, 44529, 15, 29
0, 446, 44615, 44629, 15, 29
0, 447, 44715, 44729, 15, 29
0, 448, 44815, 44829, 15, 29
0, 449, 44915, 44929, 15, 29
0, 45, 4515, 4529, 15, 29
0, 450, 45015, 45049, 15, 49
0, 451, 45115, 45129, 15, 29
0, 452, 45215, 45229, 15, 29
0, 453, 45315, 45329, 15, 29
0, 454, 45415, 45429, 15, 29
0, 455, 45515, 45529, 15, 29
0, 456, 45615, 45629, 15, 29
0, 457, 45715, 45729, 15, 29
0, 458, 45815, 45829, 15, 29
0, 459, 45915, 45929, 15, 29
0, 46, 4615, 4629, 15, 29
0, 460, 46015, 46078, 15, 78
0, 461, 46115, 46129, 15, 29
0, 462, 46215, 46229, 15, 29
0, 463, 46315, 46329, 15, 29
0, 464, 46415, 46429, 15, 29
0, 465, 46515, 46529, 15, 29
0, 466, 46615, 46629, 15, 29
0, 467, 46715, 46729, 15, 29
0, 468, 46815, 46829, 15, 29
0, 469, 46915, 46929, 15, 29
0, 47, 4715, 4729, 15, 29
0, 470, 47015, 47029, 15, 29
0, 471, 47115, 47129, 15, 29
0, 472, 47215, 47229, 15, 29
0, 473, 47315, 47329, 15, 29
0, 474, 47415, 47429, 15, 29
0, 475, 47515, 47529, 15, 29
0, 476, 47615, 47629, 15, 29
0, 477, 47715, 47729, 15, 29
0, 478, 47815, 47829, 15, 29
0, 479, 47915, 47929, 15, 29
0, 48, 4815, 4829, 15, 29
0, 480, 48015, 48078, 15, 78
0, 481, 48115, 48129, 15, 29
0, 482, 48215, 48229, 15, 29
0, 483, 48315, 48329, 15, 29
0, 484, 48415, 48429, 15, 29
0, 485, 48515, 48529, 15, 29
0, 486, 48615, 48629, 15, 29
0, 487, 48715, 48729, 15, 29
0, 488, 48815, 48829, 15, 29
0, 489, 48915, 48929, 15, 29
0, 49, 4915, 4929, 15, 29
0, 490, 49015, 49029, 15, 29
0, 491, 49115, 49129, 15, 29
0, 492, 49215, 49229, 15, 29
0, 493, 49315, 49329, 15, 29
0, 494, 49415, 49429, 15, 29
0, 495, 49515, 49529, 15, 29
0, 496, 49615, 49629, 15, 29
0, 497, 49715, 49729, 15, 29
0, 498, 49815, 49829, 15, 29
0, 499, 49915, 49929, 15, 29
0, 5, 515, 570, 15, 70
0, 50, 5015, 5049, 15, 49
0, 500, 50015, 50078, 15, 78
0, 501, 50115, 50199, 15, 99
0, 502, 50215, 50270, 15, 70
0, 503, 50315, 50370, 15, 70
0, 504, 50415, 50470, 15, 70
0, 505, 50515, 50570, 15, 70
0, 506, 50615, 50629, 15, 29
0, 507, 50715, 50729, 15, 29
0, 508, 50815, 50829, 15, 29
0, 509, 50915, 50929, 15, 29
0, 51, 5115, 5129, 15, 29
0, 510, 51015, 51029, 15, 29
0, 511, 51115, 51129, 15, 29
0, 512, 51215, 51229, 15, 29
0, 513, 51315, 51329, 15, 29
0, 514, 51415, 51429, 15, 29
0, 515, 51515, 51529, 15, 29
0, 516, 51615, 51629, 15, 29
0, 517, 51715, 51729, 15, 29
0, 518, 51815, 51829, 15, 29
0, 519, 51915, 51929, 15, 29
0, 52, 5215, 5229, 15, 29
0, 520, 52015, 52078, 15, 78
0, 521, 52115, 52129, 15, 29
0, 522, 52215, 52229, 15, 29
0, 523, 52315, 52329, 15, 29
0, 524, 52415, 52429, 15, 29
0, 525, 52515, 52529, 15, 29
0, 526, 52615, 52629, 15, 29
0, 527, 52715, 52729, 15, 29
0, 528, 52815, 52829, 15, 29
0, 529, 52915, 52929, 15, 29
0, 53, 5315, 5329, 15, 29
0, 530, 53015, 53029, 15, 29
0, 531, 53115, 53129, 15, 29
0, 532, 53215, 53229, 15, 29
0, 533, 53315, 53329, 15, 29
0, 534, 53415, 53429, 15, 29
0, 535, 53515, 53529, 15, 29
0, 536, 53615, 53629, 15, 29
0, 537, 53715, 53729, 15, 29
0, 538, 53815, 53829, 15, 29
0, 539, 53915, 53929, 15, 29
0, 54, 5415, 5429, 15, 29
0, 540, 54015, 54078, 15, 78
0, 541, 54115, 54129, 15, 29
0, 542, 54215, 54229, 15, 29
0, 543, 54315, 54329, 15, 29
0, 544, 54415, 54429, 15, 29
0, 545, 54515, 54529, 15, 29
0, 546, 54615, 54629, 15, 29
0, 547, 54715, 54729, 15, 29
0, 548, 54815, 54829, 15, 29
0, 549, 54915, 54929, 15, 29
0, 55, 5515, 5529, 15, 29
0, 550, 55015, 55049, 15, 49
0, 551, 55115, 55129, 15, 29
0, 552, 55215, 55229, 15, 29
0, 553, 55315, 55329, 15, 29
0, 554, 55415, 55429, 15, 29
0, 555, 55515, 55529, 15, 29
0, 556, 55615, 55629, 15, 29
0, 557, 55715, 55729, 15, 29
0, 558, 55815, 55829, 15, 29
0, 559, 55915, 55929, 15, 29
0, 56, 5615, 5629, 15, 29
0, 560, 56015, 56078, 15, 78
0, 561, 56115, 56129, 15, 29
0, 562, 56215, 56229, 15, 29
0, 563, 56315, 56329, 15, 29
0, 564, 56415, 56429, 15, 29
0, 565, 56515, 56529, 15, 29
0, 566, 56615, 56629, 15, 29
0, 567, 56715, 56729, 15, 29
0, 568, 56815, 56829, 15, 29
0, 569, 56915, 56929, 15, 29
0, 57, 5715, 5729, 15, 29
0, 570, 57015, 57029, 15, 29
0, 571, 57115, 57129, 15, 29
0, 572, 57215, 57229, 15, 29
0, 573, 57315, 57329, 15, 29
0, 574, 57415, 57429, 15, 29
0, 575, 57515, 57529, 15, 29
0, 576, 57615, 57629, 15, 29
0, 577, 57715, 57729, 15, 29
0, 578, 57815, 57829, 15, 29
0, 579, 57915, 57929, 15, 29
0, 58, 5815, 5829, 15, 29
0, 580, 58015, 58078, 15, 78
0, 581, 58115, 58129, 15, 29
0, 582, 58215, 58229, 15, 29
0, 583, 58315, 58329, 15, 29
0, 584, 58415, 58429, 15, 29
0, 585, 58515, 58529, 15, 29
0, 586, 58615, 58629, 15, 29
0, 587, 58715, 58729, 15, 29
0, 588, 58815, 58829, 15, 29
0, 589, 58915, 58929, 15, 29
0, 59, 5915, 5929, 15, 29
0, 590, 59015, 59029, 15, 29
0, 591, 59115, 59129, 15, 29
0, 592, 59215, 59229, 15, 29
0, 593, 59315, 59329, 15, 29
0, 594, 59415, 59429, 15, 29
0, 595, 59515, 59529, 15, 29
0, 596, 59615, 59629, 15, 29
0, 597, 59715, 59729, 15, 29
0, 598, 59815, 59829, 15, 29
0, 599, 59915, 59929, 15, 29
0, 6, 615, 629, 15, 29
0, 60, 6015, 6078, 15, 78
0, 600, 60015, 60078, 15, 78
0, 601, 60115, 60199, 15, 99
0, 602, 60215, 60270, 15, 70
0, 603, 60315, 60370, 15, 70
0, 604, 60415, 60470, 15, 70
0, 605, 60515, 60570, 15, 70
0, 606, 60615, 60629, 15, 29
0, 607, 60715, 60729, 15, 29
0, 608, 60815, 60829, 15, 29
0, 609, 60915, 60929, 15, 29
0, 61, 6115, 6129, 15, 29
0, 610, 61015, 61029, 15, 29
0, 611, 61115, 61129, 15, 29
0, 612, 61215, 61229, 15, 29
0, 613, 61315, 61329, 15, 29
0, 614, 61415, 61429, 15, 29
0, 615, 61515, 61529, 15, 29
0, 616, 61615, 61629, 15, 29
0, 617, 61715, 61729, 15, 29
0, 618, 61815, 61829, 15, 29
0, 619, 61915, 61929, 15, 29
0, 62, 6215, 6229, 15, 29
0, 620, 62015, 62078, 15, 78
0, 621, 62115, 62129, 15, 29
0, 622, 62215, 62229, 15, 29
0, 623, 62315, 62329, 15, 29
0, 624, 62415, 62429, 15, 29
0, 625, 62515, 62529, 15, 29
0, 626, 62615, 62629, 15, 29
0, 627, 62715, 62729, 15, 29
0, 628, 62815, 62829, 15, 29
0, 629, 62915, 62929, 15, 29
0, 63, 6315, 6329, 15, 29
0, 630, 63015, 63029, 15, 29
0, 631, 63115, 63129, 15, 29
0, 632, 63215, 63229, 15, 29
0, 633, 63315, 63329, 15, 29
0, 634, 63415, 63429, 15, 29
0, 635, 63515, 63529, 15, 29
0, 636, 63615, 63629, 15, 29
0, 637, 63715, 63729, 15, 29
0, 638, 63815, 63829, 15, 29
0, 639, 63915, 63929, 15, 29
0, 64, 6415, 6429, 15, 29
0, 640, 64015, 64078, 15, 78
0, 641, 64115, 64129, 15, 29
0, 642, 64215, 64229, 15, 29
0, 643, 64315, 64329, 15, 29
0, 644, 64415, 64429, 15, 29
0, 645, 64515, 64529, 15, 29
0, 646, 64615, 64629, 15, 29
0, 647, 64715, 64729, 15, 29
0, 648, 64815, 64829, 15, 29
0, 649, 64915, 64929, 15, 29
0, 65, 6515, 6529, 15, 29
0, 650, 65015, 65049, 15, 49
0, 651, 65115, 65129, 15, 29
0, 652, 65215, 65229, 15, 29
0, 653, 65315, 65329, 15, 29
0, 654, 65415, 65429, 15, 29
0, 655, 65515, 65529, 15, 29
0, 656, 65615, 65629, 15, 29
0, 657, 65715, 65729, 15, 29
0, 658, 65815, 65829, 15, 29
0, 659, 65915, 65929, 15, 29
0, 66, 6615, 6629, 15, 29
0, 660, 66015, 66078, 15, 78
0, 661, 66115, 66129, 15, 29
0, 662, 66215, 66229, 15, 29
0, 663, 66315, 66329, 15, 29
0, 664, 66415, 66429, 15, 29
0, 665, 66515, 66529, 15, 29
0, 666, 66615, 66629, 15, 29
0, 667, 66715, 66729, 15, 29
0, 668, 66815, 66829, 15, 29
0, 669, 66915, 66929, 15, 29
0, 67, 6715, 6729, 15, 29
0, 670, 67015, 67029, 15, 29
0, 671, 67115, 67129, 15, 29
0, 672, 67215, 67229, 15, 29
0, 673, 67315, 67329, 15, 29
0, 674, 67415, 67429, 15, 29
0, 675, 67515, 67529, 15, 29
0, 676, 67615, 67629, 15, 29
0, 677, 67715, 67729, 15, 29
0, 678, 67815, 67829, 15, 29
0, 679, 67915, 67929, 15, 29
0, 68, 6815, 6829, 15, 29
0, 680, 68015, 68078, 15, 78
0, 681, 68115, 68129, 15, 29
0, 682, 68215, 68229, 15, 29
0, 683, 68315, 68329, 15, 29
0, 684, 68415, 68429, 15, 29
0, 685, 68515, 68529, 15, 29
0, 686, 68615, 68629, 15, 29
0, 687, 68715, 68729, 15, 29
0, 688, 68815, 68829, 15, 29
0, 689, 68915, 68929, 15, 29
0, 69, 6915, 6929, 15, 29
0, 690, 69015, 69029, 15, 29
0, 691, 69115, 69129, 15, 29
0, 692, 69215, 69229, 15, 29
0, 693, 69315, 69329, 15, 29
0, 694, 69415, 69429, 15, 29
0, 695, 69515, 69529, 15, 29
0, 696, 69615, 69629, 15, 29
0, 697, 69715, 69729, 15, 29
0, 698, 69815, 69829, 15, 29
0, 699, 69915, 69929, 15, 29
0, 7, 715, 729, 15, 29
0, 70, 7015, 7029, 15, 29
0, 700, 70015, 70078, 15, 78
0, 701, 70115, 70199, 15, 99
0, 702, 70215, 70270, 15, 70
0, 703, 70315, 70370, 15, 70
0, 704, 70415, 70470, 15, 70
0, 705, 70515, 70570, 15, 70
0, 706, 70615, 70629, 15, 29
0, 707, 70715, 70729, 15, 29
0, 708, 70815, 70829, 15, 29
0, 709, 70915, 70929, 15, 29
0, 71, 7115, 7129, 15, 29
0, 710, 71015, 71029, 15, 29
0, 711, 71115, 71129, 15, 29
0, 712, 71215, 71229, 15, 29
0, 713, 71315, 71329, 15, 29
0, 714, 71415, 71429, 15, 29
0, 715, 71515, 71529, 15, 29
0, 716, 71615, 71629, 15, 29
0, 717, 71715, 71729, 15, 29
0, 718, 71815, 71829, 15, 29
0, 719, 71915, 71929, 15, 29
0, 72, 7215, 7229, 15, 29
0, 720, 72015, 72078, 15, 78
0, 721, 72115, 72129, 15, 29
0, 722, 72215, 72229, 15, 29
0, 723, 72315, 72329, 15, 29
0, 724, 72415, 72429, 15, 29
0, 725, 72515, 72529, 15, 29
0, 726, 72615, 72629, 15, 29
0, 727, 72715, 72729, 15, 29
0, 728, 72815, 72829, 15, 29
0, 729, 72915, 72929, 15, 29
0, 73, 7315, 7329, 15, 29
0, 730, 73015, 73029, 15, 29
0, 731, 73115, 73129, 15, 29
0, 732, 73215, 73229, 15, 29
0, 733, 73315, 73329, 15, 29
0, 734, 73415, 73429, 15, 29
0, 735, 73515, 73529, 15, 29
0, 736, 73615, 73629, 15, 29
0, 737, 73715, 73729, 15, 29
0, 738, 73815, 73829, 15, 29
0, 739, 73915, 73929, 15, 29
0, 74, 7415, 7429, 15, 29
0, 740, 74015, 74078, 15, 78
0, 741, 74115, 74129, 15, 29
0, 742, 74215, 74229, 15, 29
0, 743, 74315, 74329, 15, 29
0, 744, 74415, 74429, 15, 29
0, 745, 74515, 74529, 15, 29
0, 746, 74615, 74629, 15, 29
0, 747, 74715, 74729, 15, 29
0, 748, 74815, 74829, 15, 29
0, 749, 74915, 74929, 15, 29
0, 75, 7515, 7529, 15, 29
0, 750, 75015, 75049, 15, 49
0, 751, 75115, 75129, 15, 29
0, 752, 75215, 75229, 15, 29
0, 753, 75315, 75329, 15, 29
0, 754, 75415, 75429, 15, 29
0, 755, 75515, 75529, 15, 29
0, 756, 75615, 75629, 15, 29
0, 757, 75715, 75729, 15, 29
0, 758, 75815, 75829, 15, 29
0, 759, 75915, 75929, 15, 29
0, 76, 7615, 7629, 15, 29
0, 760, 76015, 76078, 15, 78
0, 761, 76115, 76129, 15, 29
0, 762, 76215, 76229, 15, 29
0, 763, 76315, 76329, 15, 29
0, 764, 76415, 76429, 15, 29
0, 765, 76515, 76529, 15, 29
0, 766, 76615, 76629, 15, 29
0, 767, 76715, 76729, 15, 29
0, 768, 76815, 76829, 15, 29
0, 769, 76915, 76929, 15, 29
0, 77, 7715, 7729, 15, 29
0, 770, 77015, 77029, 15, 29
0, 771, 77115, 77129, 15, 29
0, 772, 77215, 77229, 15, 29
0, 773, 77315, 77329, 15, 29
0, 774, 77415, 77429, 15, 29
0, 775, 77515, 77529, 15, 29
0, 776, 77615, 77629, 15, 29
0, 777, 77715, 77729, 15, 29
0, 778, 77815, 77829, 15, 29
0, 779, 77915, 77929, 15, 29
0, 78, 7815, 7829, 15, 29
0, 780, 78015, 78078, 15, 78
0, 781, 78115, 78129, 15, 29
0, 782, 78215, 78229, 15, 29
0, 783, 78315, 78329, 15, 29
0, 784, 78415, 78429, 15, 29
0, 785, 78515, 78529, 15, 29
0, 786, 78615, 78629, 15, 29
0, 787, 78715, 78729, 15, 29
0, 788, 78815, 78829, 15, 29
0, 789, 78915, 78929, 15, 29
0, 79, 7915, 7929, 15, 29
0, 790, 79015, 79029, 15, 29
0, 791, 79115, 79129, 15, 29
0, 792, 79215, 79229, 15, 29
0, 793, 79315, 79329, 15, 29
0, 794, 79415, 79429, 15, 29
0, 795, 79515, 79529, 15, 29
0, 796, 79615, 79629, 15, 29
0, 797, 79715, 79729, 15, 29
0, 798, 79815, 79829, 15, 29
0, 799, 79915, 79929, 15, 29
0, 8, 815, 829, 15, 29
0, 80, 8015, 8078, 15, 78
0, 800, 80015, 80078, 15, 78
0, 801, 80115, 80199, 15, 99
0, 802, 80215, 80270, 15, 70
0, 803, 80315, 80370, 15, 70
0, 804, 80415, 80470, 15, 70
0, 805, 80515, 80570, 15, 70
0, 806, 80615, 80629, 15, 29
0, 807, 80715, 80729, 15, 29
0, 808, 80815, 80829, 15, 29
0, 809, 80915, 80929, 15, 29
0, 81, 8115, 8129, 15, 29
0, 810, 81015, 81029, 15, 29
0, 811, 81115, 81129, 15, 29
0, 812, 81215, 81229, 15, 29
0, 813, 81315, 81329, 15, 29
0, 814, 81415, 81429, 15, 29
0, 815, 81515, 81529, 15, 29
0, 816, 81615, 81629, 15, 29
0, 817, 81715, 81729, 15, 29
0, 818, 81815, 81829, 15, 29
0, 819, 81915, 81929, 15, 29
0, 82, 8215, 8229, 15, 29
0, 820, 82015, 82078, 15, 78
0, 821, 82115, 82129, 15, 29
0, 822, 82215, 82229, 15, 29
0, 823, 82315, 82329, 15, 29
0, 824, 82415, 82429, 15, 29
0, 825, 82515, 82529, 15, 29
0, 826, 82615, 82629, 15, 29
0, 827, 82715, 82729, 15, 29
0, 828, 82815, 82829, 15, 29
0, 829, 82915, 82929, 15, 29
0, 83, 8315, 8329, 15, 29
0, 830, 83015, 83029, 15, 29
0, 831, 83115, 83129, 15, 29
0, 832, 83215, 83229, 15, 29
0, 833, 83315, 83329, 15, 29
0, 834, 83415, 83429, 15, 29
0, 835, 83515, 83529, 15, 29
0, 836, 83615, 83629, 15, 29
0, 837, 83715, 83729, 15, 29
0, 838, 83815, 83829, 15, 29
0, 839, 83915, 83929, 15, 29
0, 84, 8415, 8429, 15, 29
0, 840, 84015, 84078, 15, 78
0, 841, 84115, 84129, 15, 29
0, 842, 84215, 84229, 15, 29
0, 843, 84315, 84329, 15, 29
0, 844, 84415, 84429, 15, 29
0, 845, 84515, 84529, 15, 29
0, 846, 84615, 84629, 15, 29
0, 847, 84715, 84729, 15, 29
0, 848, 84815, 84829, 15, 29
0, 849, 84915, 84929, 15, 29
0, 85, 8515, 8529, 15, 29
0, 850, 85015, 85049, 15, 49
0, 851, 85115, 85129, 15, 29
0, 852, 85215, 85229, 15, 29
0, 853, 85315, 85329, 15, 29
0, 854, 85415, 85429, 15, 29
0, 855, 85515, 85529, 15, 29
0, 856, 85615, 85629, 15, 29
0, 857, 85715, 85729, 15, 29
0, 858, 85815, 85829, 15, 29
0, 859, 85915, 85929, 15, 29
0, 86, 8615, 8629, 15, 29
0, 860, 86015, 86078, 15, 78
0, 861, 86115, 86129, 15, 29
0, 862, 86215, 86229, 15, 29
0, 863, 86315, 86329, 15, 29
0, 864, 86415, 86429, 15, 29
0, 865, 86515, 86529, 15, 29
0, 866, 86615, 86629, 15, 29
0, 867, 86715, 86729, 15, 29
0, 868, 86815, 86829, 15, 29
0, 869, 86915, 86929, 15, 29
0, 87, 8715, 8729, 15, 29
0, 870, 87015, 87029, 15, 29
0, 871, 87115, 87129, 15, 29
0, 872, 87215, 87229, 15, 29
0, 873, 87315, 87329, 15, 29
0, 874, 87415, 87429, 15, 29
0, 875, 87515, 87529, 15, 29
0, 876, 87615, 87629, 15, 29
0, 877, 87715, 87729, 15, 29
0, 878, 87815, 87829, 15, 29
0, 879, 87915, 87929, 15, 29
0, 88, 8815, 8829, 15, 29
0, 880, 88015, 88078, 15, 78
0, 881, 88115, 88129, 15, 29
0, 882, 88215, 88229, 15, 29
0, 883, 88315, 88329, 15, 29
0, 884, 88415, 88429, 15, 29
0, 885, 88515, 88529, 15, 29
0, 886, 88615, 88629, 15, 29
0, 887, 88715, 88729, 15, 29
0, 888, 88815, 88829, 15, 29
0, 889, 88915, 88929, 15, 29
0, 89, 8915, 8929, 15, 29
0, 890, 89015, 89029, 15, 29
0, 891, 89115, 89129, 15, 29
0, 892, 89215, 89229, 15, 29
0, 893, 89315, 89329, 15, 29
0, 894, 89415, 89429, 15, 29
0, 895, 89515, 89529, 15, 29
0, 896, 89615, 89629, 15, 29
0, 897, 89715, 89729, 15, 29
0, 898, 89815, 89829, 15, 29
0, 899, 89915, 89929, 15, 29
0, 9, 915, 929, 15, 29
0, 90, 9015, 9029, 15, 29
0, 900, 90015, 90078, 15, 78
0, 901, 90115, 90199, 15, 99
0, 902, 90215, 90270, 15, 70
0, 903, 90315, 90370, 15, 70
0, 904, 90415, 90470, 15, 70
0, 905, 90515, 90570, 15, 70
0, 906, 90615, 90629, 15, 29
0, 907, 90715, 90729, 15, 29
0, 908, 90815, 90829, 15, 29
0, 909, 90915, 90929, 15, 29
0, 91, 9115, 9129, 15, 29
0, 910, 91015, 91029, 15, 29
0, 911, 91115, 91129, 15, 29
0, 912, 91215, 91229, 15, 29
0, 913, 91315, 91329, 15, 29
0, 914, 91415, 91429, 15, 29
0, 915, 91515, 91529, 15, 29
0, 916, 91615, 91629, 15, 29
0, 917, 91715, 91729, 15, 29
0, 918, 91815, 91829, 15, 29
0, 919, 91915, 91929, 15, 29
0, 92, 9215, 9229, 15, 29
0, 920, 92015, 92078, 15, 78
0, 921, 92115, 92129, 15, 29
0, 922, 92215, 92229, 15, 29
0, 923, 92315, 92329, 15, 29
0, 924, 92415, 92429, 15, 29
0, 925, 92515, 92529, 15, 29
0, 926, 92615, 92629, 15, 29
0, 927, 92715, 92729, 15, 29
0, 928, 92815, 92829, 15, 29
0, 929, 92915, 92929, 15, 29
0, 93, 9315, 9329, 15, 29
0, 930, 93015, 93029, 15, 29
0, 931, 93115, 93129, 15, 29
0, 932, 93215, 93229, 15, 29
0, 933, 93315, 93329, 15, 29
0, 934, 93415, 93429, 15, 29
0, 935, 93515, 93529, 15, 29
0, 936, 93615, 93629, 15, 29
0, 937, 93715, 93729, 15, 29
0, 938, 93815, 93829, 15, 29
0, 939, 93915, 93929, 15, 29
0, 94, 9415, 9429, 15, 29
0, 940, 94015, 94078, 15, 78
0, 941, 94115, 94129, 15, 29
0, 942, 94215, 94229, 15, 29
0, 943, 94315, 94329, 15, 29
0, 944, 94415, 94429, 15, 29
0, 945, 94515, 94529, 15, 29
0, 946, 94615, 94629, 15, 29
0, 947, 94715, 94729, 15, 29
0, 948, 94815, 94829, 15, 29
0, 949, 94915, 94929, 15, 29
0, 95, 9515, 9529, 15, 29
0, 950, 95015, 95049, 15, 49
0, 951, 95115, 95129, 15, 29
0, 952, 95215, 95229, 15, 29
0, 953, 95315, 95329, 15, 29
0, 954, 95415, 95429, 15, 29
0, 955, 95515, 95529, 15, 29
0, 956, 95615, 95629, 15, 29
0, 957, 95715, 95729, 15, 29
0, 958, 95815, 95829, 15, 29
0, 959, 95915, 95929, 15, 29
0, 96, 9615, 9629, 15, 29
0, 960, 96015, 96078, 15, 78
0, 961, 96115, 96129, 15, 29
0, 962, 96215, 96229, 15, 29
0, 963, 96315, 96329, 15, 29
0, 964, 96415, 96429, 15, 29
0, 965, 96515, 96529, 15, 29
0, 966, 96615, 96629, 15, 29
0, 967, 96715, 96729, 15, 29
0, 968, 96815, 96829, 15, 29
0, 969, 96915, 96929, 15, 29
0, 97, 9715, 9729, 15, 29
0, 970, 97015, 97029, 15, 29
0, 971, 97115, 97129, 15, 29
0, 972, 97215, 97229, 15, 29
0, 973, 97315, 97329, 15, 29
0, 974, 97415, 97429, 15, 29
0, 975, 97515, 97529, 15, 29
0, 976, 97615, 97629, 15, 29
0, 977, 97715, 97729, 15, 29
0, 978, 97815, 97829, 15, 29
0, 979, 97915, 97929, 15, 29
0, 98, 9815, 9829, 15, 29
0, 980, 98015, 98078, 15, 78
0, 981, 98115, 98129, 15, 29
0, 982, 98215, 98229, 15, 29
0, 983, 98315, 98329, 15, 29
0, 984, 98415, 98429, 15, 29
0, 985, 98515, 98529, 15, 29
0, 986, 98615, 98629, 15, 29
0, 987, 98715, 98729, 15, 29
0, 988, 98815, 98829, 15, 29
0, 989, 98915, 98929, 15, 29
0, 99, 9915, 9929, 15, 29
0, 990, 99015, 99029, 15, 29
0, 991, 99115, 99129, 15, 29
0, 992, 99215, 99229, 15, 29
0, 993, 99315, 99329, 15, 29
0, 994, 99415, 99429, 15, 29
0, 995, 99515, 99529, 15, 29
0, 996, 99615, 99629, 15, 29
0, 997, 99715, 99729, 15, 29
0, 998, 99815, 99829, 15, 29
0, 999, 99915, 99929, 15, 29
1, 0, 30, 175, 30, 175
1, 1, 230, 366, 30, 166
1, 10, 2030, 2084, 30, 84
1, 100, 20030, 20175, 30, 175
1, 101, 20230, 20366, 30, 166
1, 102, 20430, 20564, 30, 164
1, 103, 20630, 20660, 30, 60
1, 104, 20830, 20860, 30, 60
1, 105, 21030, 21060, 30, 60
1, 106, 21230, 21260, 30, 60
1, 107, 21430, 21460, 30, 60
1, 108, 21630, 21660, 30, 60
1, 109, 21830, 21860, 30, 60
1, 11, 2230, 2260, 30, 60
1, 110, 22030, 22084, 30, 84
1, 111, 22230, 22260, 30, 60
1, 112, 22430, 22460, 30, 60
1, 113, 22630, 22660, 30, 60
1, 114, 22830, 22860, 30, 60
1, 115, 23030, 23060, 30, 60
1, 116, 23230, 23260, 30, 60
1, 117, 23430, 23460, 30, 60
1, 118, 23630, 23660, 30, 60
1, 119, 23830, 23860, 30, 60
1, 12, 2430, 2460, 30, 60
1, 120, 24030, 24084, 30, 84
1, 121, 24230, 24260, 30, 60
1, 122, 24430, 24460, 30, 60
1, 123, 24630, 24660, 30, 60
1, 124, 24830, 24860, 30, 60
1, 125, 25030, 25082, 30, 82
1, 126, 25230, 25260, 30, 60
1, 127, 25430, 25460, 30, 60
1, 128, 25630, 25660, 30, 60
1, 129, 25830, 25860, 30, 60
1, 13, 2630, 2660, 30, 60
1, 130, 26030, 26084, 30, 84
1, 131, 26230, 26260, 30, 60
1, 132, 26430, 26460, 30, 60
1, 133, 26630, 26660, 30, 60
1, 134, 26830, 26860, 30, 60
1, 135, 27030, 27060, 30, 60
1, 136, 27230, 27260, 30, 60
1, 137, 27430, 27460, 30, 60
1, 138, 27630, 27660, 30, 60
1, 139, 27830, 27860, 30, 60
1, 14, 2830, 2860, 30, 60
1, 140, 28030, 28084, 30, 84
1, 141, 28230, 28260, 30, 60
1, 142, 28430, 28460, 30, 60
1, 143, 28630, 28660, 30, 60
1, 144, 28830, 28860, 30, 60
1, 145, 29030, 29060, 30, 60
1, 146, 29230, 29260, 30, 60
1, 147, 29430, 29460, 30, 60
1, 148, 29630, 29660, 30, 60
1, 149, 29830, 29860, 30, 60
1, 15, 3030, 3060, 30, 60
1, 150, 30030, 30175, 30, 175
1, 151, 30230, 30366, 30, 166
1, 152, 30430, 30564, 30, 164
1, 153, 30630, 30660, 30, 60
1, 154, 30830, 30860, 30, 60
1, 155, 31030, 31060, 30, 60
1, 156, 31230, 31260, 30, 60
1, 157, 31430, 31460, 30, 60
1, 158, 31630, 31660, 30, 60
1, 159, 31830, 31860, 30, 60
1, 16, 3230, 3260, 30, 60
1, 160, 32030, 32084, 30, 84
1, 161, 32230, 32260, 30, 60
1, 162, 32430, 32460, 30, 60
1, 163, 32630, 32660, 30, 60
1, 164, 32830, 32860, 30, 60
1, 165, 33030, 33060, 30, 60
1, 166, 33230, 33260, 30, 60
1, 167, 33430, 33460, 30, 60
1, 168, 33630, 33660, 30, 60
1, 169, 33830, 33860, 30, 60
1, 17, 3430, 3460, 30, 60
1, 170, 34030, 34084, 30, 84
1, 171, 34230, 34260, 30, 60
1, 172, 34430, 34460, 30, 60
1, 173, 34630, 34660, 30, 60
1, 174, 34830, 34860, 30, 60
1, 175, 35030, 35082, 30, 82
1, 176, 35230, 35260, 30, 60
1, 177, 35430, 35460, 30, 60
1, 178, 35630, 35660, 30, 60
1, 179, 35830, 35860, 30, 60
1, 18, 3630, 3660, 30, 60
1, 180, 36030, 36084, 30, 84
1, 181, 36230, 36260, 30, 60
1, 182, 36430, 36460, 30, 60
1, 183, 36630, 36660, 30, 60
1, 184, 36830, 36860, 30, 60
1, 185, 37030, 37060, 30, 60
1, 186, 37230, 37260, 30, 60
1, 187, 37430, 37460, 30, 60
1, 188, 37630, 37660, 30, 60
1, 189, 37830, 37860, 30, 60
1, 19, 3830, 3860, 30, 60
1, 190, 38030, 38084, 30, 84
1, 191, 38230, 38260, 30, 60
1, 192, 38430, 38460, 30, 60
1, 193, 38630, 38660, 30, 60
1, 194, 38830, 38860, 30, 60
1, 195, 39030, 39060, 30, 60
1, 196, 39230, 39260, 30, 60
1, 197, 39430, 39460, 30, 60
1, 198, 39630, 39660, 30, 60
1, 199, 39830, 39860, 30, 60
1, 2, 430, 564, 30, 164
1, 20, 4030, 4084, 30, 84
1, 200, 40030, 40175, 30, 175
1, 201, 40230, 40366, 30, 166
1, 202, 40430, 40564, 30, 164
1, 203, 40630, 40660, 30, 60
1, 204, 40830, 40860, 30, 60
1, 205, 41030, 41060, 30, 60
1, 206, 41230, 41260, 30, 60
1, 207, 41430, 41460, 30, 60
1, 208, 41630, 41660, 30, 60
1, 209, 41830, 41860, 30, 60
1, 21, 4230, 4260, 30, 60
1, 210, 42030, 42084, 30, 84
1, 211, 42230, 42260, 30, 60
1, 212, 42430, 42460, 30, 60
1, 213, 42630, 42660, 30, 60
1, 214, 42830, 42860, 30, 60
1, 215, 43030, 43060, 30, 60
1, 216, 43230, 43260, 30, 60
1, 217, 43430, 43460, 30, 60
1, 218, 43630, 43660, 30, 60
1, 219, 43830, 43860, 30, 60
1, 22, 4430, 4460, 30, 60
1, 220, 44030, 44084, 30, 84
1, 221, 44230, 44260, 30, 60
1, 222, 44430, 44460, 30, 60
1, 223, 44630, 44660, 30, 60
1, 224, 44830, 44860, 30, 60
1, 225, 45030, 45082, 30, 82
1, 226, 45230, 45260, 30, 60
1, 227, 45430, 45460, 30, 60
1, 228, 45630, 45660, 30, 60
1, 229, 45830, 45860, 30, 60
1, 23, 4630, 4660, 30, 60
1, 230, 46030, 46084, 30, 84
1, 231, 46230, 46260, 30, 60
1, 232, 46430, 46460, 30, 60
1, 233, 46630, 46660, 30, 60
1, 234, 46830, 46860, 30, 60
1, 235, 47030, 47060, 30, 60
1, 236, 47230, 47260, 30, 60
1, 237, 47430, 47460, 30, 60
1, 238, 47630, 47660, 30, 60
1, 239, 47830, 47860, 30, 60
1, 24, 4830, 4860, 30, 60
1, 240, 48030, 48084, 30, 84
1, 241, 48230, 48260, 30, 60
1, 242, 48430, 48460, 30, 60
1, 243, 48630, 48660, 30, 60
1, 244, 48830, 48860, 30, 60
1, 245, 49030, 49060, 30, 60
1, 246, 49230, 49260, 30, 60
1, 247, 49430, 49460, 30, 60
1, 248, 49630, 49660, 30, 60
1, 249, 49830, 49860, 30, 60
1, 25, 5030, 5082, 30, 82
1, 250, 50030, 50175, 30, 175
1, 251, 50230, 50366, 30, 166
1, 252, 50430, 50564, 30, 164
1, 253, 50630, 50660, 30, 60
1, 254, 50830, 50860, 30, 60
1, 255, 51030, 51060, 30, 60
1, 256, 51230, 51260, 30, 60
1, 257, 51430, 51460, 30, 60
1, 258, 51630, 51660, 30, 60
1, 259, 51830, 51860, 30, 60
1, 26, 5230, 5260, 30, 60
1, 260, 52030, 52084, 30, 84
1, 261, 52230, 52260, 30, 60
1, 262, 52430, 52460, 30, 60
1, 263, 52630, 52660, 30, 60
1, 264, 52830, 52860, 30, 60
1, 265, 53030, 53060, 30, 60
1, 266, 53230, 53260, 30, 60
1, 267, 53430, 53460, 30, 60
1, 268, 53630, 53660, 30, 60
1, 269, 53830, 53860, 30, 60
1, 27, 5430, 5460, 30, 60
1, 270, 54030, 54084, 30, 84
1, 271, 54230, 54260, 30, 60
1, 272, 54430, 54460, 30, 60
1, 273, 54630, 54660, 30, 60
1, 274, 54830, 54860, 30, 60
1, 275, 55030, 55082, 30, 82
1, 276, 55230, 55260, 30, 60
1, 277, 55430, 55460, 30, 60
1, 278, 55630, 55660, 30, 60
1, 279, 55830, 55860, 30, 60
1, 28, 5630, 5660, 30, 60
1, 280, 56030, 56084, 30, 84
1, 281, 56230, 56260, 30, 60
1, 282, 56430, 56460, 30, 60
1, 283, 56630, 56660, 30, 60
1, 284, 56830, 56860, 30, 60
1, 285, 57030, 57060, 30, 60
1, 286, 57230, 57260, 30, 60
1, 287, 57430, 57460, 30, 60
1, 288, 57630, 57660, 30, 60
1, 289, 57830, 57860, 30, 60
1, 29, 5830, 5860, 30, 60
1, 290, 58030, 58084, 30, 84
1, 291, 58230, 58260, 30, 60
1, 292, 58430, 58460, 30, 60
1, 293, 58630, 58660, 30, 60
1, 294, 58830, 58860, 30, 60
1, 295, 59030, 59060, 30, 60
1, 296, 59230, 59260, 30, 60
1, 297, 59430, 59460, 30, 60
1, 298, 59630, 59660, 30, 60
1, 299, 59830, 59860, 30, 60
1, 3, 630, 660, 30, 60
1, 30, 6030, 6084, 30, 84
1, 300, 60030, 60175, 30, 175
1, 301, 60230, 60366, 30, 166
1, 302, 60430, 60564, 30, 164
1, 303, 60630, 60660, 30, 60
1, 304, 60830, 60860, 30, 60
1, 305, 61030, 61060, 30, 60
1, 306, 61230, 61260, 30, 60
1, 307, 61430, 61460, 30, 60
1, 308, 61630, 61660, 30, 60
1, 309, 61830, 61860, 30, 60
1, 31, 6230, 6260, 30, 60
1, 310, 62030, 62084, 30, 84
1, 311, 62230, 62260, 30, 60
1, 312, 62430, 62460, 30, 60
1, 313, 62630, 62660, 30, 60
1, 314, 62830, 62860, 30, 60
1, 315, 63030, 63060, 30, 60
1, 316, 63230, 63260, 30, 60
1, 317, 63430, 63460, 30, 60
1, 318, 63630, 63660, 30, 60
1, 319, 63830, 63860, 30, 60
1, 32, 6430, 6460, 30, 60
1, 320, 64030, 64084, 30, 84
1, 321, 64230, 64260, 30, 60
1, 322, 64430, 64460, 30, 60
1, 323, 64630, 64660, 30, 60
1, 324, 64830, 64860, 30, 60
1, 325, 65030, 65082, 30, 82
1, 326, 65230, 65260, 30, 60
1, 327, 65430, 65460, 30, 60
1, 328, 65630, 65660, 30, 60
1, 329, 65830, 65860, 30, 60
1, 33, 6630, 6660, 30, 60
1, 330, 66030, 66084, 30, 84
1, 331, 66230, 66260, 30, 60
1, 332, 66430, 66460, 30, 60
1, 333, 66630, 66660, 30, 60
1, 334, 66830, 66860, 30, 60
1, 335, 67030, 67060, 30, 60
1, 336, 67230, 67260, 30, 60
1, 337, 67430, 67460, 30, 60
1, 338, 67630, 67660, 30, 60
1, 339, 67830, 67860, 30, 60
1, 34, 6830, 6860, 30, 60
1, 340, 68030, 68084, 30, 84
1, 341, 68230, 68260, 30, 60
1, 342, 68430, 68460, 30, 60
1, 343, 68630, 68660, 30, 60
1, 344, 68830, 68860, 30, 60
1, 345, 69030, 69060, 30, 60
1, 346, 69230, 69260, 30, 60
1, 347, 69430, 69460, 30, 60
1, 348, 69630, 69660, 30, 60
1, 349, 69830, 69860, 30, 60
1, 35, 7030, 7060, 30, 60
1, 350, 70030, 70175, 30, 175
1, 351, 70230, 70366, 30, 166
1, 352, 70430, 70564, 30, 164
1, 353, 70630, 70660, 30, 60
1, 354, 70830, 70860, 30, 60
1, 355, 71030, 71060, 30, 60
1, 356, 71230, 71260, 30, 60
1, 357, 71430, 71460, 30, 60
1, 358, 71630, 71660, 30, 60
1, 359, 71830, 71860, 30, 60
1, 36, 7230, 7260, 30, 60
1, 360, 72030, 72084, 30, 84
1, 361, 72230, 72260, 30, 60
1, 362, 72430, 72460, 30, 60
1, 363, 72630, 72660, 30, 60
1, 364, 72830, 72860, 30, 60
1, 365, 73030, 73060, 30, 60
1, 366, 73230, 73260, 30, 60
1, 367, 73430, 73460, 30, 60
1, 368, 73630, 73660, 30, 60
1, 369, 73830, 73860, 30, 60
1, 37, 7430, 7460, 30, 60
1, 370, 74030, 74084, 30, 84
1, 371, 74230, 74260, 30, 60
1, 372, 74430, 74460, 30, 60
1, 373, 74630, 74660, 30, 60
1, 374, 74830, 74860, 30, 60
1, 375, 75030, 75082, 30, 82
1, 376, 75230, 75260, 30, 60
1, 377, 75430, 75460, 30, 60
1, 378, 75630, 75660, 30, 60
1, 379, 75830, 75860, 30, 60
1, 38, 7630, 7660, 30, 60
1, 380, 76030, 76084, 30, 84
1, 381, 76230, 76260, 30, 60
1, 382, 76430, 76460, 30, 60
1, 383, 76630, 76660, 30, 60
1, 384, 76830, 76860, 30, 60
1, 385, 77030, 77060, 30, 60
1, 386, 77230, 77260, 30, 60
1, 387, 77430, 77460, 30, 60
1, 388, 77630, 77660, 30, 60
1, 389, 77830, 77860, 30, 60
1, 39, 7830, 7860, 30, 60
1, 390, 78030, 78084, 30, 84
1, 391, 78230, 78260, 30, 60
1, 392, 78430, 78460, 30, 60
1, 393, 78630, 78660, 30, 60
1, 394, 78830, 78860, 30, 60
1, 395, 79030, 79060, 30, 60
1, 396, 79230, 79260, 30, 60
1, 397, 79430, 79460, 30, 60
1, 398, 79630, 79660, 30, 60
1, 399, 79830, 79860, 30, 60
1, 4, 830, 860, 30, 60
1, 40, 8030, 8084, 30, 84
1, 400, 80030, 80175, 30, 175
1, 401, 80230, 80366, 30, 166
1, 402, 80430, 80564, 30, 164
1, 403, 80630, 80660, 30, 60
1, 404, 80830, 80860, 30, 60
1, 405, 81030, 81060, 30, 60
1, 406, 81230, 81260, 30, 60
1, 407, 81430, 81460, 30, 60
1, 408, 81630, 81660, 30, 60
1, 409, 81830, 81860, 30, 60
1, 41, 8230, 8260, 30, 60
1, 410, 82030, 82084, 30, 84
1, 411, 82230, 82260, 30, 60
1, 412, 82430, 82460, 30, 60
1, 413, 82630, 82660, 30, 60
1, 414, 82830, 82860, 30, 60
1, 415, 83030, 83060, 30, 60
1, 416, 83230, 83260, 30, 60
1, 417, 83430, 83460, 30, 60
1, 418, 83630, 83660, 30, 60
1, 419, 83830, 83860, 30, 60
1, 42, 8430, 8460, 30, 60
1, 420, 84030, 84084, 30, 84
1, 421, 84230, 84260, 30, 60
1, 422, 84430, 84460, 30, 60
1, 423, 84630, 84660, 30, 60
1, 424, 84830, 84860, 30, 60
1, 425, 85030, 85082, 30, 82
1, 426, 85230, 85260, 30, 60
1, 427, 85430, 85460, 30, 60
1, 428, 85630, 85660, 30, 60
1, 429, 85830, 85860, 30, 60
1, 43, 8630, 8660, 30, 60
1, 430, 86030, 86084, 30, 84
1, 431, 86230, 86260, 30, 60
1, 432, 86430, 86460, 30, 60
1, 433, 86630, 86660, 30, 60
1, 434, 86830, 86860, 30, 60
1, 435, 87030, 87060, 30, 60
1, 436, 87230, 87260, 30, 60
1, 437, 87430, 87460, 30, 60
1, 438, 87630, 87660, 30, 60
1, 439, 87830, 87860, 30, 60
1, 44, 8830, 8860, 30, 60
1, 440, 88030, 88084, 30, 84
1, 441, 88230, 88260, 30, 60
1, 442, 88430, 88460, 30, 60
1, 443, 88630, 88660, 30, 60
1, 444, 88830, 88860, 30, 60
1, 445, 89030, 89060, 30, 60
1, 446, 89230, 89260, 30, 60
1, 447, 89430, 89460, 30, 60
1, 448, 89630, 89660, 30, 60
1, 449, 89830, 89860, 30, 60
1, 45, 9030, 9060, 30, 60
1, 450, 90030, 90175, 30, 175
1, 451, 90230, 90366, 30, 166
1, 452, 90430, 90564, 30, 164
1, 453, 90630, 90660, 30, 60
1, 454, 90830, 90860, 30, 60
1, 455, 91030, 91060, 30, 60
1, 456, 91230, 91260, 30, 60
1, 457, 91430, 91460, 30, 60
1, 458, 91630, 91660, 30, 60
1, 459, 91830, 91860, 30, 60
1, 46, 9230, 9260, 30, 60
1, 460, 92030, 92084, 30, 84
1, 461, 92230, 92260, 30, 60
1, 462, 92430, 92460, 30, 60
1, 463, 92630, 92660, 30, 60
1, 464, 92830, 92860, 30, 60
1, 465, 93030, 93060, 30, 60
1, 466, 93230, 93260, 30, 60
1, 467, 93430, 93460, 30, 60
1, 468, 93630, 93660, 30, 60
1, 469, 93830, 93860, 30, 60
1, 47, 9430, 9460, 30, 60
1, 470, 94030, 94084, 30, 84
1, 471, 94230, 94260, 30, 60
1, 472, 94430, 94460, 30, 60
1, 473, 94630, 94660, 30, 60
1, 474, 94830, 94860, 30, 60
1, 475, 95030, 95082, 30, 82
1, 476, 95230, 95260, 30, 60
1, 477, 95430, 95460, 30, 60
1, 478, 95630, 95660, 30, 60
1, 479, 95830, 95860, 30, 60
1, 48, 9630, 9660, 30, 60
1, 480, 96030, 96084, 30, 84
1, 481, 96230, 96260, 30, 60
1, 482, 96430, 96460, 30, 60
1, 483, 96630, 96660, 30, 60
1, 484, 96830, 96860, 30, 60
1, 485, 97030, 97060, 30, 60
1, 486, 97230, 97260, 30, 60
1, 487, 97430, 97460, 30, 60
1, 488, 97630, 97660, 30, 60
1, 489, 97830, 97860, 30, 60
1, 49, 9830, 9860, 30, 60
1, 490, 98030, 98084, 30, 84
1, 491, 98230, 98260, 30, 60
1, 492, 98430, 98460, 30, 60
1, 493, 98630, 98660, 30, 60
1, 494, 98830, 98860, 30, 60
1, 495, 99030, 99060, 30, 60
1, 496, 99230, 99260, 30, 60
1, 497, 99430, 99460, 30, 60
1, 498, 99630, 99660, 30, 60
1, 499, 99830, 99860, 30, 60
1, 5, 1030, 1060, 30, 60
1, 50, 10030, 10175, 30, 175
1, 51, 10230, 10366, 30, 166
1, 52, 10430, 10564, 30, 164
1, 53, 10630, 10660, 30, 60
1, 54, 10830, 10860, 30, 60
1, 55, 11030, 11060, 30, 60
1, 56, 11230, 11260, 30, 60
1, 57, 11430, 11460, 30, 60
1, 58, 11630, 11660, 30, 60
1, 59, 11830, 11860, 30, 60
1, 6, 1230, 1260, 30, 60
1, 60, 12030, 12084, 30, 84
1, 61, 12230, 12260, 30, 60
1, 62, 12430, 12460, 30, 60
1, 63, 12630, 12660, 30, 60
1, 64, 12830, 12860, 30, 60
1, 65, 13030, 13060, 30, 60
1, 66, 13230, 13260, 30, 60
1, 67, 13430, 13460, 30, 60
1, 68, 13630, 13660, 30, 60
1, 69, 13830, 13860, 30, 60
1, 7, 1430, 1460, 30, 60
1, 70, 14030, 14084, 30, 84
1, 71, 14230, 14260, 30, 60
1, 72, 14430, 14460, 30, 60
1, 73, 14630, 14660, 30, 60
1, 74, 14830, 14860, 30, 60
1, 75, 15030, 15082, 30, 82
1, 76, 15230, 15260, 30, 60
1, 77, 15430, 15460, 30, 60
1, 78, 15630, 15660, 30, 60
1, 79, 15830, 15860, 30, 60
1, 8, 1630, 1660, 30, 60
1, 80, 16030, 16084, 30, 84
1, 81, 16230, 16260, 30, 60
1, 82, 16430, 16460, 30, 60
1, 83, 16630, 16660, 30, 60
1, 84, 16830, 16860, 30, 60
1, 85, 17030, 17060, 30, 60
1, 86, 17230, 17260, 30, 60
1, 87, 17430, 17460, 30, 60
1, 88, 17630, 17660, 30, 60
1, 89, 17830, 17860, 30, 60
1, 9, 1830, 1860, 30, 60
1, 90, 18030, 18084, 30, 84
1, 91, 18230, 18260, 30, 60
1, 92, 18430, 18460, 30, 60
1, 93, 18630, 18660, 30, 60
1, 94, 18830, 18860, 30, 60
1, 95, 19030, 19060, 30, 60
1, 96, 19230, 19260, 30, 60
1, 97, 19430, 19460, 30, 60
1, 98, 19630, 19660, 30, 60
1, 99, 19830, 19860, 30, 60
2, 0, 36, 216, 36, 216
2, 1, 536, 697, 36, 197
2, 10, 5036, 5116, 36, 116
2, 100, 50036, 50216, 36, 216
2, 101, 50536, 50697, 36, 197
2, 102, 51036, 51085, 36, 85
2, 103, 51536, 51585, 36, 85
2, 104, 52036, 52122, 36, 122
2, 105, 52536, 52585, 36, 85
2, 106, 53036, 53085, 36, 85
2, 107, 53536, 53585, 36, 85
2, 108, 54036, 54122, 36, 122
2, 109, 54536, 54585, 36, 85
2, 11, 5536, 5585, 36, 85
2, 110, 55036, 55116, 36, 116
2, 111, 55536, 55585, 36, 85
2, 112, 56036, 56122, 36, 122
2, 113, 56536, 56585, 36, 85
2, 114, 57036, 57085, 36, 85
2, 115, 57536, 57585, 36, 85
2, 116, 58036, 58122, 36, 122
2, 117, 58536, 58585, 36, 85
2, 118, 59036, 59085, 36, 85
2, 119, 59536, 59585, 36, 85
2, 12, 6036, 6122, 36, 122
2, 120, 60036, 60216, 36, 216
2, 121, 60536, 60697, 36, 197
2, 122, 61036, 61085, 36, 85
2, 123, 61536, 61585, 36, 85
2, 124, 62036, 62122, 36, 122
2, 125, 62536, 62585, 36, 85
2, 126, 63036, 63085, 36, 85
2, 127, 63536, 63585, 36, 85
2, 128, 64036, 64122, 36, 122
2, 129, 64536, 64585, 36, 85
2, 13, 6536, 6585, 36, 85
2, 130, 65036, 65116, 36, 116
2, 131, 65536, 65585, 36, 85
2, 132, 66036, 66122, 36, 122
2, 133, 66536, 66585, 36, 85
2, 134, 67036, 67085, 36, 85
2, 135, 67536, 67585, 36, 85
2, 136, 68036, 68122, 36, 122
2, 137, 68536, 68585, 36, 85
2, 138, 69036, 69085, 36, 85
2, 139, 69536, 69585, 36, 85
2, 14, 7036, 7085, 36, 85
2, 140, 70036, 70216, 36, 216
2, 141, 70536, 70697, 36, 197
2, 142, 71036, 71085, 36, 85
2, 143, 71536, 71585, 36, 85
2, 144, 72036, 72122, 36, 122
2, 145, 72536, 72585, 36, 85
2, 146, 73036, 73085, 36, 85
2, 147, 73536, 73585, 36, 85
2, 148, 74036, 74122, 36, 122
2, 149, 74536, 74585, 36, 85
2, 15, 7536, 7585, 36, 85
2, 150, 75036, 75116, 36, 116
2, 151, 75536, 75585, 36, 85
2, 152, 76036, 76122, 36, 122
2, 153, 76536, 76585, 36, 85
2, 154, 77036, 77085, 36, 85
2, 155, 77536, 77585, 36, 85
2, 156, 78036, 78122, 36, 122
2, 157, 78536, 78585, 36, 85
2, 158, 79036, 79085, 36, 85
2, 159, 79536, 79585, 36, 85
2, 16, 8036, 8122, 36, 122
2, 160, 80036, 80216, 36, 216
2, 161, 80536, 80697, 36, 197
2, 162, 81036, 81085, 36, 85
2, 163, 81536, 81585, 36, 85
2, 164, 82036, 82122, 36, 122
2, 165, 82536, 82585, 36, 85
2, 166, 83036, 83085, 36, 85
2, 167, 83536, 83585, 36, 85
2, 168, 84036, 84122, 36, 122
2, 169, 84536, 84585, 36, 85
2, 17, 8536, 8585, 36, 85
2, 170, 85036, 85116, 36, 116
2, 171, 85536, 85585, 36, 85
2, 172, 86036, 86122, 36, 122
2, 173, 86536, 86585, 36, 85
2, 174, 87036, 87085, 36, 85
2, 175, 87536, 87585, 36, 85
2, 176, 88036, 88122, 36, 122
2, 177, 88536, 88585, 36, 85
2, 178, 89036, 89085, 36, 85
2, 179, 89536, 89585, 36, 85
2, 18, 9036, 9085, 36, 85
2, 180, 90036, 90216, 36, 216
2, 181, 90536, 90697, 36, 197
2, 182, 91036, 91085, 36, 85
2, 183, 91536, 91585, 36, 85
2, 184, 92036, 92122, 36, 122
2, 185, 92536, 92585, 36, 85
2, 186, 93036, 93085, 36, 85
2, 187, 93536, 93585, 36, 85
2, 188, 94036, 94122, 36, 122
2, 189, 94536, 94585, 36, 85
2, 19, 9536, 9585, 36, 85
2, 190, 95036, 95116, 36, 116
2, 191, 95536, 95585, 36, 85
2, 192, 96036, 96122, 36, 122
2, 193, 96536, 96585, 36, 85
2, 194, 97036, 97085, 36, 85
2, 195, 97536, 97585, 36, 85
2, 196, 98036, 98122, 36, 122
2, 197, 98536, 98585, 36, 85
2, 198, 99036, 99085, 36, 85
2, 199, 99536, 99585, 36, 85
2, 2, 1036, 1085, 36, 85
2, 20, 10036, 10216, 36, 216
2, 21, 10536, 10697, 36, 197
2, 22, 11036, 11085, 36, 85
2, 23, 11536, 11585, 36, 85
2, 24, 12036, 12122, 36, 122
2, 25, 12536, 12585, 36, 85
2, 26, 13036, 13085, 36, 85
2, 27, 13536, 13585, 36, 85
2, 28, 14036, 14122, 36, 122
2, 29, 14536, 14585, 36, 85
2, 3, 1536, 1585, 36, 85
2, 30, 15036, 15116, 36, 116
2, 31, 15536, 15585, 36, 85
2, 32, 16036, 16122, 36, 122
2, 33, 16536, 16585, 36, 85
2, 34, 17036, 17085, 36, 85
2, 35, 17536, 17585, 36, 85
2, 36, 18036, 18122, 36, 122
2, 37, 18536, 18585, 36, 85
2, 38, 19036, 19085, 36, 85
2, 39, 19536, 19585, 36, 85
2, 4, 2036, 2122, 36, 122
2, 40, 20036, 20216, 36, 216
2, 41, 20536, 20697, 36, 197
2, 42, 21036, 21085, 36, 85
2, 43, 21536, 21585, 36, 85
2, 44, 22036, 22122, 36, 122
2, 45, 22536, 22585, 36, 85
2, 46, 23036, 23085, 36, 85
2, 47, 23536, 23585, 36, 85
2, 48, 24036, 24122, 36, 122
2, 49, 24536, 24585, 36, 85
2, 5, 2536, 2585, 36, 85
2, 50, 25036, 25116, 36, 116
2, 51, 25536, 25585, 36, 85
2, 52, 26036, 26122, 36, 122
2, 53, 26536, 26585, 36, 85
2, 54, 27036, 27085, 36, 85
2, 55, 27536, 27585, 36, 85
2, 56, 28036, 28122, 36, 122
2, 57, 28536, 28585, 36, 85
2, 58, 29036, 29085, 36, 85
2, 59, 29536, 29585, 36, 85
2, 6, 3036, 3085, 36, 85
2, 60, 30036, 30216, 36, 216
2, 61, 30536, 30697, 36, 197
2, 62, 31036, 31085, 36, 85
2, 63, 31536, 31585, 36, 85
2, 64, 32036, 32122, 36, 122
2, 65, 32536, 32585, 36, 85
2, 66, 33036, 33085, 36, 85
2, 67, 33536, 33585, 36, 85
2, 68, 34036, 34122, 36, 122
2, 69, 34536, 34585, 36, 85
2, 7, 3536, 3585, 36, 85
2, 70, 35036, 35116, 36, 116
2, 71, 35536, 35585, 36, 85
2, 72, 36036, 36122, 36, 122
2, 73, 36536, 36585, 36, 85
2, 74, 37036, 37085, 36, 85
2, 75, 37536, 37585, 36, 85
2, 76, 38036, 38122, 36, 122
2, 77, 38536, 38585, 36, 85
2, 78, 39036, 39085, 36, 85
2, 79, 39536, 39585, 36, 85
2, 8, 4036, 4122, 36, 122
2, 80, 40036, 40216, 36, 216
2, 81, 40536, 40697, 36, 197
2, 82, 41036, 41085, 36, 85
2, 83, 41536, 41585, 36, 85
2, 84, 42036, 42122, 36, 122
2, 85, 42536, 42585, 36, 85
2, 86, 43036, 43085, 36, 85
2, 87, 43536, 43585, 36, 85
2, 88, 44036, 44122, 36, 122
2, 89, 44536, 44585, 36, 85
2, 9, 4536, 4585, 36, 85
2, 90, 45036, 45116, 36, 116
2, 91, 45536, 45585, 36, 85
2, 92, 46036, 46122, 36, 122
2, 93, 46536, 46585, 36, 85
2, 94, 47036, 47085, 36, 85
2, 95, 47536, 47585, 36, 85
2, 96, 48036, 48122, 36, 122
2, 97, 48536, 48585, 36, 85
2, 98, 49036, 49085, 36, 85
2, 99, 49536, 49585, 36, 85
3, 0, 311, 674, 311, 674
3, 1, 1311, 1568, 311, 568
3, 10, 10311, 10674, 311, 674
3, 11, 11311, 11568, 311, 568
3, 12, 12311, 12607, 311, 607
3, 13, 13311, 13568, 311, 568
3, 14, 14311, 14607, 311, 607
3, 15, 15311, 15594, 311, 594
3, 16, 16311, 16607, 311, 607
3, 17, 17311, 17568, 311, 568
3, 18, 18311, 18607, 311, 607
3, 19, 19311, 19568, 311, 568
3, 2, 2311, 2607, 311, 607
3, 20, 20311, 20674, 311, 674
3, 21, 21311, 21568, 311, 568
3, 22, 22311, 22607, 311, 607
3, 23, 23311, 23568, 311, 568
3, 24, 24311, 24607, 311, 607
3, 25, 25311, 25594, 311, 594
3, 26, 26311, 26607, 311, 607
3, 27, 27311, 27568, 311, 568
3, 28, 28311, 28607, 311, 607
3, 29, 29311, 29568, 311, 568
3, 3, 3311, 3568, 311, 568
3, 30, 30311, 30674, 311, 674
3, 31, 31311, 31568, 311, 568
3, 32, 32311, 32607, 311, 607
3, 33, 33311, 33568, 311, 568
3, 34, 34311, 34607, 311, 607
3, 35, 35311, 35594, 311, 594
3, 36, 36311, 36607, 311, 607
3, 37, 37311, 37568, 311, 568
3, 38, 38311, 38607, 311, 607
3, 39, 39311, 39568, 311, 568
3, 4, 4311, 4607, 311, 607
3, 40, 40311, 40674, 311, 674
3, 41, 41311, 41568, 311, 568
3, 42, 42311, 42607, 311, 607
3, 43, 43311, 43568, 311, 568
3, 44, 44311, 44607, 311, 607
3, 45, 45311, 45594, 311, 594
3, 46, 46311, 46607, 311, 607
3, 47, 47311, 47568, 311, 568
3, 48, 48311, 48607, 311, 607
3, 49, 49311, 49568, 311, 568
3, 5, 5311, 5594, 311, 594
3, 50, 50311, 50674, 311, 674
3, 51, 51311, 51568, 311, 568
3, 52, 52311, 52607, 311, 607
3, 53, 53311, 53568, 311, 568
3, 54, 54311, 54607, 311, 607
3, 55, 55311, 55594, 311, 594
3, 56, 56311, 56607, 311, 607
3, 57, 57311, 57568, 311, 568
3, 58, 58311, 58607, 311, 607
3, 59, 59311, 59568, 311, 568
3, 6, 6311, 6607, 311, 607
3, 60, 60311, 60674, 311, 674
3, 61, 61311, 61568, 311, 568
3, 62, 62311, 62607, 311, 607
3, 63, 63311, 63568, 311, 568
3, 64, 64311, 64607, 311, 607
3, 65, 65311, 65594, 311, 594
3, 66, 66311, 66607, 311, 607
3, 67, 67311, 67568, 311, 568
3, 68, 68311, 68607, 311, 607
3, 69, 69311, 69568, 311, 568
3, 7, 7311, 7568, 311, 568
3, 70, 70311, 70674, 311, 674
3, 71, 71311, 71568, 311, 568
3, 72, 72311, 72607, 311, 607
3, 73, 73311, 73568, 311, 568
3, 74, 74311, 74607, 311, 607
3, 75, 75311, 75594, 311, 594
3, 76, 76311, 76607, 311, 607
3, 77, 77311, 77568, 311, 568
3, 78, 78311, 78607, 311, 607
3, 79, 79311, 79568, 311, 568
3, 8, 8311, 8607, 311, 607
3, 80, 80311, 80674, 311, 674
3, 81, 81311, 81568, 311, 568
3, 82, 82311, 82607, 311, 607
3, 83, 83311, 83568, 311, 568
3, 84, 84311, 84607, 311, 607
3, 85, 85311, 85594, 311, 594
3, 86, 86311, 86607, 311, 607
3, 87, 87311, 87568, 311, 568
3, 88, 88311, 88607, 311, 607
3, 89, 89311, 89568, 311, 568
3, 9, 9311, 9568, 311, 568
3, 90, 90311, 90674, 311, 674
3, 91, 91311, 91568, 311, 568
3, 92, 92311, 92607, 311, 607
3, 93, 93311, 93568, 311, 568
3, 94, 94311, 94607, 311, 607
3, 95, 95311, 95594, 311, 594
3, 96, 96311, 96607, 311, 607
3, 97, 97311, 97568, 311, 568
3, 98, 98311, 98607, 311, 607
3, 99, 99311, 99568, 311, 568
4, 0, 95, 470, 95, 470
4, 1, 2095, 2269, 95, 269
4, 10, 20095, 20470, 95, 470
4, 11, 22095, 22269, 95, 269
4, 12, 24095, 24269, 95, 269
4, 13, 26095, 26269, 95, 269
4, 14, 28095, 28269, 95, 269
4, 15, 30095, 30470, 95, 470
4, 16, 32095, 32269, 95, 269
4, 17, 34095, 34269, 95, 269
4, 18, 36095, 36269, 95, 269
4, 19, 38095, 38269, 95, 269
4, 2, 4095, 4269, 95, 269
4, 20, 40095, 40470, 95, 470
4, 21, 42095, 42269, 95, 269
4, 22, 44095, 44269, 95, 269
4, 23, 46095, 46269, 95, 269
4, 24, 48095, 48269, 95, 269
4, 25, 50095, 50470, 95, 470
4, 26, 52095, 52269, 95, 269
4, 27, 54095, 54269, 95, 269
4, 28, 56095, 56269, 95, 269
4, 29, 58095, 58269, 95, 269
4, 3, 6095, 6269, 95, 269
4, 30, 60095, 60470, 95, 470
4, 31, 62095, 62269, 95, 269
4, 32, 64095, 64269, 95, 269
4, 33, 66095, 66269, 95, 269
4, 34, 68095, 68269, 95, 269
4, 35, 70095, 70470, 95, 470
4, 36, 72095, 72269, 95, 269
4, 37, 74095, 74269, 95, 269
4, 38, 76095, 76269, 95, 269
4, 39, 78095, 78269, 95, 269
4, 4, 8095, 8269, 95, 269
4, 40, 80095, 80470, 95, 470
4, 41, 82095, 82269, 95, 269
4, 42, 84095, 84269, 95, 269
4, 43, 86095, 86269, 95, 269
4, 44, 88095, 88269, 95, 269
4, 45, 90095, 90470, 95, 470
4, 46, 92095, 92269, 95, 269
4, 47, 94095, 94269, 95, 269
4, 48, 96095, 96269, 95, 269
4, 49, 98095, 98269, 95, 269
4, 5, 10095, 10470, 95, 470
4, 6, 12095, 12269, 95, 269
4, 7, 14095, 14269, 95, 269
4, 8, 16095, 16269, 95, 269
4, 9, 18095, 18269, 95, 269
5, 0, 13, 402, 13, 402
5, 1, 5013, 5271, 13, 271
5, 10, 50013, 50402, 13, 402
5, 11, 55013, 55271, 13, 271
5, 12, 60013, 60402, 13, 402
5, 13, 65013, 65271, 13, 271
5, 14, 70013, 70402, 13, 402
5, 15, 75013, 75271, 13, 271
5, 16, 80013, 80402, 13, 402
5, 17, 85013, 85271, 13, 271
5, 18, 90013, 90402, 13, 402
5, 19, 95013, 95271, 13, 271
5, 2, 10013, 10402, 13, 402
5, 3, 15013, 15271, 13, 271
5, 4, 20013, 20402, 13, 402
5, 5, 25013, 25271, 13, 271
5, 6, 30013, 30402, 13, 402
5, 7, 35013, 35271, 13, 271
5, 8, 40013, 40402, 13, 402
5, 9, 45013, 45271, 13, 271
6, 0, 26, 600, 26, 600
6, 1, 10026, 10600, 26, 600
6, 2, 20026, 20600, 26, 600
6, 3, 30026, 30600, 26, 600
6, 4, 40026, 40600, 26, 600
6, 5, 50026, 50600, 26, 600
6, 6, 60026, 60600, 26, 600
6, 7, 70026, 70600, 26, 600
6, 8, 80026, 80600, 26, 600
6, 9, 90026, 90600, 26, 600
7, 0, 26, 600, 26, 600
7, 1, 10026, 10600, 26, 600
7, 2, 20026, 20600, 26, 600
7, 3, 30026, 30600, 26, 600
7, 4, 40026, 40600, 26, 600
7, 5, 50026, 50600, 26, 600
7, 6, 60026, 60600, 26, 600
7, 7, 70026, 70600, 26, 600
7, 8, 80026, 80600, 26, 600
7, 9, 90026, 90600, 26, 600
8, 0, 1, 1170, 1, 1170
8, 1, 20001, 21170, 1, 1170
8, 2, 40001, 41170, 1, 1170
8, 3, 60001, 61170, 1, 1170
8, 4, 80001, 81170, 1, 1170
9, 0, 1, 5175, 1, 5175
